Filename,Report_quality,ภาพรวม,สภาวะตลาด,สรุปการผลการดำเนินงาน,เหตุการณ์สำคัญ,ปัจจัยต่อการเติบโต,เปิดเผยรายได้,เปิดเผยกำไรที่เปลี่ยนไป,คำอธิบายราย
24CS_8153961,A,N,Y,Y,N,N,N,Y,Y
2S_8136241,A,Y,Y,N,N,N,Y,N,Y
3BBIF_8107061,C,N,N,Y,N,N,N,Y,N
3K-BAT_8197641,A,N,Y,Y,N,Y,N,N,Y
A5_8155361,A,Y,Y,Y,Y,Y,N,N,Y
AAI_8117761,A,Y,Y,Y,Y,Y,N,N,N
AAV_8152181,A,Y,Y,Y,Y,Y,N,Y,Y
ABM_8136021,A,Y,Y,Y,Y,Y,Y,N,Y
ACAP_8114311,B,Y,Y,N,N,N,N,N,Y
ACC_2023027055,A,Y,Y,Y,N,N,N,Y,Y
ACC_8169711,A,Y,Y,Y,N,N,N,Y,Y
ACE_8151201,A,Y,Y,Y,Y,Y,N,Y,Y
ACG_8120521,A,Y,Y,Y,Y,Y,N,Y,Y
ADD_8130871,A,Y,Y,Y,N,Y,N,N,Y
ADVANC_8100981,A,Y,Y,Y,Y,Y,N,Y,Y
AEONTS_2023042322,A,Y,Y,Y,N,Y,N,N,N
AE_8135251,A,Y,Y,Y,Y,Y,N,N,Y
AFC_8123991,C,N,N,N,N,N,N,N,N
AGE_8110451,C,N,N,N,N,N,N,N,N
AH_8129691,A,Y,Y,Y,N,N,N,Y,N
AIE_8141231,A,Y,Y,Y,Y,Y,Y,Y,Y
AIMCG_8168231,A,Y,Y,Y,Y,N,N,N,Y
AIT_8098261,A,Y,Y,Y,Y,Y,N,N,N
AI_8141731,A,Y,Y,Y,N,N,N,N,Y
AJA_8134861,A,Y,Y,Y,Y,Y,N,N,Y
AKP_8149101,C,N,Y,Y,N,N,N,N,N
AKR_8164541,B,Y,N,Y,N,Y,N,N,N
AKS_8171611,A,Y,Y,Y,Y,N,N,N,N
ALLA_8135221,A,Y,N,Y,Y,Y,N,Y,Y
ALLY_8155541,A,Y,Y,Y,Y,Y,N,N,Y
ALLY_8196041,A,Y,Y,Y,Y,Y,N,N,Y
ALL_8149791,B,Y,Y,N,N,N,N,N,Y
ALPHAX_8156961,A,Y,Y,Y,N,Y,Y,N,Y
ALT_8103361,C,Y,N,Y,N,N,N,N,N
ALUCON_8153501,A,Y,Y,Y,N,Y,N,N,Y
AMANAH_8114041,A,Y,N,Y,Y,Y,N,Y,Y
AMARC_8127921,C,N,N,N,N,N,N,N,N
AMARIN_8132431,A,Y,Y,Y,N,N,N,Y,N
AMATAV_8132731,A,Y,Y,Y,N,Y,N,N,Y
AMATA_8165531,A,N,Y,Y,Y,Y,N,Y,Y
AMA_8110781,A,Y,Y,Y,Y,N,N,Y,Y
AMC_8135711,A,N,Y,Y,N,Y,Y,Y,Y
AMR_8154141,A,Y,Y,Y,N,Y,N,N,Y
ANAN_8163871,C,N,Y,Y,N,N,N,N,N
AOT_8146331,A,Y,Y,Y,Y,Y,N,Y,Y
APCO_8143691,A,N,Y,Y,N,Y,N,N,Y
APP_8094701,A,Y,Y,Y,Y,Y,N,Y,N
APURE_8147811,B,N,Y,Y,N,N,N,N,Y
AQUA_2023027158,A,Y,Y,Y,Y,Y,N,Y,Y
AQUA_2023048235,A,Y,Y,Y,Y,Y,N,Y,Y
AQUA_2023049572,A,Y,Y,Y,Y,Y,N,Y,Y
AQUA_8156661,A,Y,Y,Y,Y,Y,N,Y,Y
ARIN_8113881,A,Y,Y,Y,Y,Y,N,N,Y
ARROW_8114971,A,Y,Y,Y,N,Y,Y,Y,N
ASAP_8152971,A,Y,Y,Y,Y,N,N,N,N
ASIAN_8117441,A,Y,Y,Y,Y,Y,N,N,Y
ASIA_8162651,B,N,Y,Y,N,Y,N,N,N
ASIMAR_8159751,A,Y,Y,Y,Y,Y,Y,Y,N
ASK_8108831,B,Y,Y,Y,N,N,N,N,N
ASW_8137261,A,N,Y,Y,N,Y,Y,N,Y
ATP30_8107751,A,Y,Y,Y,N,Y,N,Y,Y
AUCT_8150961,A,Y,Y,Y,Y,N,N,Y,N
AURA_8145401,A,Y,Y,Y,N,N,Y,Y,Y
AU_8120021,A,Y,Y,Y,Y,Y,N,Y,Y
AWC_8161041,A,Y,Y,Y,Y,Y,N,Y,N
AYUD_8167701,C,N,Y,Y,N,N,N,N,N
B-WORK_8147371,C,N,Y,N,N,N,N,N,Y
B52_8135561,C,N,Y,N,N,N,N,N,N
BAFS_8127351,A,Y,Y,Y,Y,Y,N,N,Y
BAM_2023030087,A,Y,Y,Y,N,Y,N,N,Y
BAM_8151231,A,Y,Y,Y,Y,Y,Y,Y,Y
BANPU_8122541,A,Y,Y,Y,Y,Y,Y,Y,Y
BAREIT_8134321,A,Y,Y,Y,Y,N,N,N,Y
BAY_2023044845,A,Y,Y,Y,Y,Y,N,N,N
BAY_8123761,A,Y,Y,Y,Y,Y,N,N,N
BA_8134551,A,Y,Y,Y,Y,N,N,N,N
BBGI_8104291,A,Y,Y,Y,Y,Y,Y,Y,Y
BBIK_8138401,A,Y,Y,Y,N,Y,N,Y,Y
BCH_2023026980,A,Y,Y,Y,Y,Y,N,Y,Y
BCH_8120601,A,Y,Y,Y,Y,Y,N,Y,Y
BCPG_8106031,A,Y,Y,Y,Y,Y,N,Y,Y
BCP_8113541,A,Y,Y,Y,Y,Y,Y,Y,Y
BC_8118261,A,Y,Y,Y,N,N,N,Y,N
BDMS_8131511,A,Y,Y,Y,Y,Y,N,N,Y
BDMS_8133111,A,Y,Y,Y,Y,Y,N,N,Y
BE8_8127001,B,N,Y,Y,N,N,N,N,Y
BEAUTY_8139661,A,Y,Y,Y,N,Y,N,N,N
BEC_8138151,A,Y,Y,Y,Y,N,N,N,N
BEM_8132421,A,Y,Y,Y,Y,N,N,Y,Y
BEM_8158141,A,Y,Y,Y,Y,N,N,Y,Y
BEYOND_8146821,A,Y,Y,Y,Y,Y,N,Y,N
BGC_8169911,A,Y,Y,Y,Y,Y,N,Y,Y
BGRIM_8156971,A,Y,Y,Y,Y,N,Y,Y,Y
BH_2023047424,A,Y,Y,Y,N,Y,N,Y,N
BIG_8147691,A,Y,Y,Y,Y,N,N,N,N
BIOTEC_8156051,A,Y,Y,Y,N,Y,N,Y,Y
BIS_8118231,A,Y,Y,Y,Y,Y,N,Y,Y
BIZ_8099711,A,Y,Y,Y,Y,Y,N,Y,N
BJCHI_8162451,A,Y,Y,Y,Y,N,N,N,Y
BJC_8116141,A,Y,Y,Y,Y,Y,N,Y,Y
BKD_8134521,A,N,Y,Y,Y,N,N,N,Y
BKI_8147711,C,N,N,N,N,N,N,N,N
BLA_8117911,A,Y,Y,Y,Y,N,N,Y,Y
BLESS_8135281,C,N,N,N,N,N,N,N,N
BLISS_8115781,B,N,Y,Y,N,N,N,N,Y
BM_8164241,A,N,Y,Y,Y,N,N,Y,N
BOFFICE_8132671,B,Y,Y,Y,N,N,N,N,N
BPP_8122341,A,Y,Y,Y,Y,Y,Y,Y,Y
BRI_8117801,A,Y,Y,Y,Y,Y,N,N,Y
BROCK_8137601,C,N,Y,Y,N,N,N,N,N
BROOK_8134681,B,Y,Y,Y,N,N,N,N,N
BRRGIF_8102741,C,N,N,Y,Y,N,N,N,N
BSM_8137581,B,N,Y,Y,N,N,N,N,Y
BSRC_8098801,A,Y,Y,Y,Y,N,N,Y,Y
BSRC_8162001,A,Y,Y,Y,Y,N,N,Y,Y
BTG_8142471,A,Y,Y,Y,Y,N,Y,Y,N
BTSGIF_8193281,A,Y,Y,Y,Y,Y,N,N,Y
BTS_8194641,A,Y,Y,Y,Y,Y,N,Y,Y
BUI_8110061,B,Y,Y,Y,N,N,N,N,N
BVG_8117291,A,N,Y,Y,N,Y,N,Y,Y
BWG_8157221,A,N,Y,Y,N,Y,Y,N,Y
B_8171221,A,Y,Y,Y,Y,Y,N,Y,Y
CAZ_8101401,A,Y,Y,Y,N,Y,N,N,N
CBG_8147911,A,N,Y,Y,Y,Y,Y,N,Y
CCET_8146141,B,N,Y,N,N,Y,N,N,Y
CCP_8165791,A,Y,Y,N,Y,N,Y,N,N
CENTEL_8141541,A,Y,Y,Y,Y,Y,N,Y,N
CEN_8163361,A,Y,Y,Y,Y,Y,Y,Y,N
CEYE_8170291,A,Y,Y,Y,Y,Y,N,Y,Y
CGD_8156151,A,Y,Y,Y,N,Y,N,Y,Y
CHASE_2023030602,A,Y,Y,Y,Y,Y,N,Y,Y
CHASE_8134751,A,Y,Y,Y,Y,Y,N,Y,Y
CHASE_8181541,A,Y,Y,Y,Y,Y,N,Y,Y
CHAYO_8134091,A,N,Y,Y,N,Y,N,N,Y
CHEWA_8167961,A,Y,Y,Y,N,Y,Y,N,N
CHG_8137301,A,Y,Y,Y,Y,Y,N,Y,Y
CHIC_8163951,A,N,Y,Y,N,N,N,Y,Y
CHOTI_8171111,A,Y,Y,Y,N,N,N,N,Y
CHOW_8172741,A,Y,Y,Y,Y,N,N,N,Y
CHO_8154721,A,Y,Y,Y,N,Y,N,N,N
CH_8135651,A,Y,Y,Y,Y,Y,N,Y,Y
CIG_8094961,A,Y,Y,Y,Y,N,N,N,Y
CITY_2023033208,C,N,Y,N,N,N,N,N,N
CIVIL_8135631,A,Y,N,Y,Y,Y,N,Y,Y
CI_8128891,C,N,Y,Y,N,N,N,N,N
CKP_8124891,A,Y,Y,Y,Y,N,N,Y,Y
CK_8169671,A,Y,Y,Y,N,Y,N,N,Y
CMAN_8156631,A,Y,Y,N,Y,Y,N,N,Y
CMC_8155951,A,Y,Y,Y,Y,N,N,N,N
CMO_8121931,A,Y,Y,Y,Y,Y,N,Y,Y
CMR_8143801,B,N,Y,Y,N,Y,N,N,N
CM_8123361,A,Y,Y,Y,Y,N,N,Y,Y
CNT_8167511,A,Y,Y,Y,Y,Y,N,Y,Y
COLOR_8161131,A,Y,Y,Y,Y,N,N,N,N
COM7_8155881,A,Y,Y,Y,N,Y,N,N,Y
COMAN_8156291,A,Y,Y,Y,Y,Y,N,Y,N
COTTO_2023046105,C,N,N,N,N,N,N,N,N
COTTO_8147321,C,N,N,N,N,N,N,N,N
CPALL_8115231,A,Y,Y,Y,Y,Y,N,Y,Y
CPANEL_8107931,A,Y,Y,Y,N,Y,N,N,Y
CPAXT_8094551,A,N,Y,Y,N,Y,N,N,Y
CPF_8133821,C,Y,Y,N,N,N,N,N,N
CPI_8126511,A,Y,Y,Y,N,Y,Y,Y,Y
CPL_8123121,A,Y,Y,Y,Y,Y,N,N,N
CPNCG_8153081,A,Y,Y,Y,Y,N,N,N,Y
CPNREIT_8152071,C,N,N,N,N,N,N,N,N
CPN_8156161,A,Y,Y,Y,Y,Y,N,Y,N
CPR_8118131,C,Y,Y,N,N,N,N,N,N
CPTGF_8181321,A,Y,N,Y,N,Y,N,N,Y
CPT_8128931,A,Y,Y,Y,Y,Y,N,N,N
CRANE_8159021,A,Y,Y,Y,N,N,N,Y,N
CRC_8160431,C,N,N,N,N,N,N,N,N
CSC_8100441,B,Y,Y,N,N,N,N,N,Y
CSP_8160551,A,N,Y,Y,N,Y,Y,N,Y
CSR_2023049843,C,N,Y,N,N,N,N,N,N
CTW_8107631,C,N,Y,N,N,N,N,N,N
CV_8150711,A,Y,Y,Y,N,N,N,N,Y
CWT_8170761,B,N,Y,Y,Y,N,N,N,N
DCC_8104111,A,Y,Y,Y,N,Y,Y,Y,N
DCON_8168981,B,N,Y,Y,N,N,Y,N,N
DELTA_2023047302,A,Y,Y,Y,Y,Y,N,N,Y
DEMCO_8147901,A,Y,Y,Y,N,N,N,N,Y
DEXON_8123221,B,N,Y,Y,N,N,N,N,Y
DHOUSE_8165881,A,Y,Y,Y,Y,Y,N,Y,Y
DIMET_2023027037,A,Y,Y,Y,N,Y,N,Y,Y
DIMET_8169471,A,Y,Y,Y,Y,Y,N,N,Y
DITTO_8147001,A,Y,Y,Y,N,Y,N,Y,Y
DMT_8125011,A,Y,N,Y,Y,Y,N,Y,Y
DOD_8138301,A,Y,Y,Y,N,Y,N,N,Y
DOHOME_8093921,A,Y,Y,Y,Y,N,N,N,N
DPAINT_8164251,A,Y,Y,Y,N,Y,Y,N,N
DPAINT_8172841,A,Y,Y,Y,N,Y,Y,Y,Y
DRT_2023042628,A,Y,Y,Y,Y,Y,N,Y,N
DRT_8111121,A,Y,Y,Y,Y,Y,N,Y,N
DTCENT_8137971,A,Y,N,Y,N,Y,N,Y,Y
DUSIT_8169661,A,Y,Y,Y,Y,N,N,N,Y
D_8131931,A,Y,Y,Y,Y,Y,N,N,N
EASON_8147891,C,N,Y,Y,N,N,N,N,N
EASTW_8136061,A,Y,Y,Y,Y,Y,N,Y,Y
EA_8152241,A,Y,Y,Y,N,Y,Y,Y,Y
ECF_8136871,A,Y,Y,Y,Y,N,N,N,Y
EE_8146751,A,Y,Y,Y,Y,Y,N,N,N
EE_8155281,A,Y,Y,Y,Y,Y,N,N,N
EFORL_8139071,A,Y,Y,Y,N,Y,N,Y,Y
EGATIF_8181181,C,N,N,Y,Y,N,N,N,N
EGCO_8170741,A,Y,Y,Y,Y,N,N,N,Y
EKH_8137911,A,Y,Y,Y,Y,Y,N,N,Y
EPG_8191751,A,Y,Y,Y,Y,N,N,N,N
EP_8158531,A,Y,Y,Y,N,N,N,N,Y
ERW_8165011,A,Y,Y,Y,Y,N,N,N,Y
ESTAR_8128461,A,Y,Y,N,Y,N,N,N,Y
ETC_8118881,A,N,Y,Y,N,Y,N,N,Y
ETE_8128521,A,Y,Y,Y,N,Y,N,N,Y
EVER_8154971,A,Y,Y,Y,Y,Y,Y,N,Y
FANCY_8127281,A,Y,Y,Y,N,Y,N,N,Y
FE_8149641,A,Y,Y,Y,N,N,N,N,Y
FN_8121281,A,Y,Y,Y,N,Y,N,N,Y
FORTH_8172641,A,Y,Y,Y,Y,Y,Y,Y,Y
FPI_8153551,B,N,Y,Y,N,N,N,N,Y
FPT_8109351,A,Y,Y,N,Y,Y,N,N,Y
FSMART_8156681,A,Y,Y,Y,Y,Y,N,Y,N
FTE_8167981,B,N,Y,Y,N,Y,N,N,N
FTI_8105211,B,N,Y,Y,N,Y,N,N,N
FUTUREPF_8170161,A,Y,Y,Y,Y,Y,N,Y,N
FVC_8170201,A,Y,Y,Y,Y,Y,N,N,Y
GABLE_8095601,A,Y,Y,Y,Y,Y,N,Y,Y
GABLE_8165591,B,N,Y,Y,N,Y,N,N,N
GAHREIT_8149021,A,N,Y,Y,Y,N,N,N,Y
GC_8113431,A,Y,Y,N,Y,N,N,N,Y
GEL_8167411,B,Y,Y,N,N,Y,N,N,N
GENCO_8150441,A,Y,Y,Y,Y,Y,N,N,N
GFPT_8123951,A,Y,Y,Y,N,N,Y,Y,N
GGC_8097551,A,Y,Y,Y,Y,N,Y,Y,Y
GIFT_8108681,A,Y,Y,Y,Y,Y,N,N,Y
GJS_8116361,A,Y,Y,Y,Y,N,Y,N,Y
GLAND_8140381,A,Y,Y,Y,Y,Y,N,Y,N
GLOBAL_2023049125,A,Y,Y,Y,N,Y,N,Y,N
GLOCON_2023027075,C,N,Y,N,N,N,N,N,Y
GLOCON_8171401,B,Y,Y,Y,N,N,N,N,N
GLORY_8151221,A,N,Y,Y,N,Y,N,Y,Y
GPI_8167841,A,Y,Y,Y,Y,N,Y,Y,Y
GPSC_8100571,A,Y,Y,Y,Y,Y,Y,Y,Y
GRAMMY_8153871,A,Y,Y,Y,Y,N,N,N,N
GREEN_8128211,A,Y,Y,Y,Y,Y,N,N,Y
GSC_8158981,A,Y,Y,Y,N,N,N,N,Y
GSTEEL_8128221,A,Y,Y,Y,Y,N,Y,Y,Y
GTB_8106941,C,Y,N,Y,N,N,N,N,N
GTV_8167261,A,Y,Y,Y,Y,Y,N,Y,N
GULF_8166811,A,Y,Y,Y,Y,Y,Y,Y,Y
GUNKUL_8118471,B,N,Y,Y,Y,N,N,N,N
GVREIT_8160601,B,N,Y,Y,N,N,N,Y,N
GYT_8135461,B,N,N,Y,N,N,N,Y,Y
HANA_8166041,B,N,Y,Y,Y,N,N,N,N
HARN_8166331,C,N,Y,Y,N,N,N,N,N
HEALTH_2023027274,C,N,Y,N,N,N,N,N,Y
HEALTH_8132591,A,N,Y,Y,Y,Y,N,N,Y
HEALTH_8137801,A,N,Y,Y,Y,Y,N,N,Y
HENG_8098411,A,Y,Y,Y,N,N,N,Y,Y
HL_2023027914,A,Y,Y,Y,Y,Y,N,Y,Y
HL_8158641,A,Y,Y,Y,Y,Y,N,Y,Y
HMPRO_2023046039,A,Y,Y,Y,Y,N,N,N,N
HPT_8157721,A,N,Y,Y,Y,Y,N,N,Y
HTECH_8156671,A,Y,Y,Y,Y,N,N,Y,N
HUMAN_2023027095,A,Y,Y,Y,Y,N,N,Y,Y
HUMAN_2023027908,A,Y,Y,Y,Y,N,N,Y,Y
HUMAN_8166141,A,Y,Y,Y,Y,N,N,Y,N
HYDRO_2023026932,B,Y,Y,Y,N,N,N,N,N
HYDRO_8156991,A,Y,Y,Y,N,Y,N,N,N
IFEC_2023027019,C,N,N,N,N,N,N,N,N
IFEC_8161471,A,Y,Y,Y,Y,N,N,N,Y
IHL_8122551,A,Y,Y,Y,Y,N,N,Y,Y
IIG_8153991,A,Y,Y,Y,N,Y,N,N,N
III_8136621,A,Y,Y,Y,Y,N,N,Y,Y
ILINK_8117531,B,Y,Y,Y,N,N,N,N,N
ILM_8146551,A,Y,N,Y,Y,N,N,Y,Y
IMH_8156441,B,Y,Y,N,Y,N,N,N,N
IND_8146511,A,N,Y,Y,Y,Y,N,N,N
INET_8154531,A,Y,Y,Y,Y,Y,N,Y,Y
INGRS_2023038474,C,N,Y,Y,N,N,N,N,N
INSET_8109101,A,N,Y,Y,N,Y,N,N,Y
INSURE_8122401,A,Y,Y,Y,N,N,N,Y,N
INTUCH_8115101,A,Y,Y,Y,Y,Y,N,Y,N
IP_8138771,A,N,Y,Y,N,Y,Y,N,Y
IRCP_8168401,B,N,Y,Y,N,Y,N,N,N
IRPC_8104021,A,Y,Y,Y,Y,N,Y,Y,Y
ITC_2023047500,C,N,N,N,N,N,N,N,N
ITC_2023047832,A,Y,Y,Y,N,N,Y,Y,Y
ITD_8162681,C,N,Y,N,N,N,N,N,Y
ITEL_8110651,A,Y,Y,Y,N,Y,N,Y,N
ITNS_8120061,A,Y,Y,Y,N,Y,N,Y,N
ITTHI_2023034768,A,Y,Y,Y,Y,Y,N,Y,Y
ITTHI_8155721,A,Y,Y,Y,Y,Y,N,Y,Y
IT_8115661,C,N,Y,N,N,N,N,N,N
IVL_8113181,A,Y,Y,Y,Y,Y,N,Y,Y
IVL_8162721,A,Y,Y,Y,Y,Y,N,Y,Y
JAK_8137861,A,Y,Y,N,N,Y,N,N,Y
JAS_8120751,A,Y,Y,Y,Y,N,N,N,N
JCKH_8168801,A,Y,Y,N,N,Y,N,N,Y
JCT_2023027013,A,Y,Y,Y,N,Y,N,N,Y
JKN_2023027123,A,Y,N,Y,Y,Y,N,Y,Y
JKN_8172231,A,Y,N,Y,Y,Y,N,Y,Y
JMART_8155081,A,Y,Y,Y,Y,Y,N,Y,N
JMART_8155831,A,Y,Y,Y,Y,Y,N,Y,N
JMT_8142731,A,Y,Y,Y,N,N,N,Y,Y
JR_8150351,A,N,Y,Y,N,Y,N,N,Y
JSP_8150261,A,Y,Y,Y,N,Y,N,Y,Y
JTS_8110231,A,Y,Y,Y,N,Y,N,N,N
JUBILE_8122821,A,Y,Y,Y,Y,Y,N,N,N
J_8110271,A,Y,Y,Y,Y,Y,N,Y,Y
J_8115201,A,Y,Y,Y,Y,Y,N,Y,Y
KAMART_8126801,C,N,Y,N,N,N,N,N,N
KASET_8128361,A,Y,Y,N,N,Y,N,N,Y
KBANK_8149841,C,N,Y,N,N,N,N,N,N
KBANK_8152391,A,Y,Y,Y,Y,Y,N,N,N
KBSPIF_8180981,C,N,N,Y,Y,N,N,N,N
KCAR_8123531,B,Y,Y,N,N,Y,N,N,N
KCCAMC_8170231,A,Y,Y,Y,N,Y,N,Y,Y
KCE_8106161,B,Y,Y,Y,N,N,N,N,N
KCM_8168041,A,N,Y,Y,Y,N,N,Y,N
KC_8137461,A,Y,Y,Y,Y,Y,N,Y,N
KC_8140121,A,Y,Y,Y,Y,Y,N,Y,N
KDH_8114161,C,N,Y,Y,N,N,N,N,N
KEX_8166381,A,Y,Y,Y,N,N,N,Y,Y
KGEN_8170061,A,Y,N,Y,Y,N,N,Y,Y
KGI_8120301,B,N,Y,Y,N,N,N,N,Y
KIAT_8111241,A,Y,Y,Y,N,Y,N,N,N
KISS_8168271,A,Y,Y,Y,Y,Y,N,Y,Y
KJL_8141061,B,N,Y,N,N,Y,N,N,Y
KKC_8162781,B,N,Y,Y,Y,N,N,N,N
KKP_2023044984,A,Y,Y,Y,Y,Y,N,Y,N
KKP_8118321,A,Y,Y,Y,Y,Y,N,Y,N
KK_8128031,A,Y,Y,Y,N,Y,N,Y,Y
KLINIQ_8162961,A,Y,Y,Y,Y,N,N,Y,N
KOOL_8170251,B,N,Y,Y,Y,N,N,N,N
KPNPF_8126151,C,N,Y,N,N,N,N,N,N
KTBSTMR_2023033986,C,N,Y,N,N,N,N,N,N
KTBSTMR_8154871,C,N,Y,N,N,N,N,N,N
KTB_2023044234,A,Y,Y,Y,Y,Y,N,Y,Y
KTB_8153051,A,Y,Y,Y,Y,Y,N,Y,Y
KTC_2023043754,A,Y,Y,Y,Y,Y,N,Y,N
KTC_8146951,A,Y,Y,Y,Y,Y,N,Y,N
KTMS_8120861,A,Y,Y,Y,N,Y,N,N,Y
KUMWEL_8121331,A,N,Y,Y,N,Y,N,N,Y
KUN_8128681,A,Y,Y,Y,N,Y,N,N,Y
KWI_8166551,B,Y,Y,Y,N,N,N,N,N
KWM_8143381,C,N,N,N,N,N,N,N,N
K_8157151,A,Y,Y,Y,N,Y,N,N,Y
LALIN_8173241,A,N,Y,Y,N,Y,N,N,Y
LANNA_8152921,A,Y,Y,Y,Y,Y,Y,Y,Y
LDC_8140911,A,Y,Y,Y,Y,Y,N,Y,N
LEE_8130011,C,N,N,N,N,N,N,N,N
LHFG_2023044795,A,Y,Y,Y,Y,Y,N,Y,N
LHFG_8150851,A,Y,Y,Y,Y,Y,N,Y,N
LHK_8193401,A,N,Y,Y,N,Y,N,Y,Y
LH_8132841,A,Y,Y,Y,N,Y,N,N,N
LOXLEY_8149481,A,Y,Y,Y,Y,Y,N,Y,N
LPF_2023045361,C,Y,N,Y,N,N,N,N,N
LPH_8162221,A,Y,Y,Y,Y,Y,N,Y,Y
LPN_8124641,A,Y,Y,Y,N,Y,Y,Y,Y
LRH_8107761,A,N,Y,N,N,Y,Y,N,Y
M-CHAI_2023044312,A,Y,Y,Y,N,N,N,Y,Y
M-CHAI_8166851,A,Y,Y,Y,N,N,N,Y,Y
M-PAT_8125851,C,N,Y,N,N,N,N,N,Y
M-STOR_8140551,C,N,Y,N,N,N,N,N,Y
MAJOR_8119491,B,Y,Y,Y,N,N,N,N,N
MALEE_8154311,A,Y,Y,Y,Y,N,N,N,Y
MASTER_8171021,A,N,Y,Y,N,Y,N,Y,Y
MATCH_8117031,B,Y,Y,Y,N,N,N,N,N
MATI_8164491,C,N,Y,Y,N,N,N,N,N
MBAX_8111461,B,Y,Y,N,N,N,N,N,Y
MBK_8163741,A,Y,Y,Y,Y,N,N,Y,N
MCOT_8114851,A,Y,Y,Y,Y,N,N,N,Y
MCS_8162591,C,N,Y,N,N,N,N,N,N
MC_8135571,B,Y,N,Y,N,N,N,Y,N
MEB_8109571,A,Y,Y,Y,Y,Y,N,Y,Y
MEGA_8144891,A,Y,Y,Y,Y,Y,N,Y,Y
MENA_8156111,A,N,Y,Y,N,Y,N,N,Y
META_8151271,A,Y,Y,Y,Y,Y,N,N,Y
MFC_8161571,C,N,N,N,N,N,N,N,N
MFEC_8124831,A,Y,Y,Y,N,N,N,N,Y
MGC_2023046087,A,Y,Y,Y,Y,N,Y,N,Y
MGC_8134691,A,N,N,Y,Y,N,N,Y,Y
MICRO_8152501,A,Y,Y,Y,Y,N,N,Y,Y
MIDA_8170821,A,Y,Y,Y,N,N,N,Y,Y
MILL_8172511,A,Y,Y,Y,Y,N,Y,Y,Y
MINT_8098591,A,Y,Y,Y,N,N,N,N,Y
MITSIB_8170971,A,Y,Y,Y,Y,Y,N,N,Y
MIT_8121121,A,Y,Y,Y,N,N,N,N,Y
MJD_8149851,C,N,N,N,N,N,N,N,N
MK_8166471,C,N,Y,Y,N,N,N,N,N
ML_8168451,C,N,Y,N,N,N,N,N,N
MNIT_8133541,C,N,Y,N,N,N,N,N,Y
MNRF_8125141,C,N,Y,N,N,N,N,N,Y
MODERN_8150201,A,N,Y,Y,Y,Y,N,Y,Y
MOONG_2023050196,A,N,Y,Y,Y,Y,N,N,N
MORE_8148751,A,Y,Y,Y,N,Y,N,N,N
MOSHI_8142311,A,Y,Y,Y,Y,Y,N,Y,N
MST_2023047037,B,N,Y,Y,N,N,N,Y,N
MST_8120991,B,N,Y,Y,N,N,N,Y,N
MTC_8109951,B,Y,Y,Y,N,N,N,N,N
MTW_8139031,A,Y,Y,Y,N,Y,N,N,N
MUD_8144071,A,N,Y,Y,Y,Y,N,N,N
MVP_8172011,B,N,Y,Y,N,Y,N,N,N
M_8129061,A,Y,Y,Y,Y,N,Y,Y,Y
NATION_8169901,A,Y,N,Y,Y,N,N,N,Y
NCAP_8117521,A,Y,Y,Y,N,N,N,Y,Y
NCH_8122631,A,Y,Y,Y,N,Y,N,N,N
NCL_8120531,A,N,Y,Y,N,Y,Y,N,Y
NC_8149171,A,N,Y,Y,Y,Y,N,N,Y
NDR_8126061,A,N,Y,Y,Y,Y,N,N,N
NER_8131381,A,Y,Y,Y,N,Y,Y,N,N
NETBAY_8112171,C,N,N,N,N,N,N,N,N
NEWS_8137171,A,Y,Y,Y,N,Y,N,N,N
NEW_8158201,A,Y,N,Y,N,Y,N,Y,N
NEX_8149811,A,Y,Y,Y,N,N,N,N,Y
NFC_8137311,A,Y,Y,Y,Y,N,Y,N,N
NOBLE_8121981,C,N,N,N,N,N,N,N,N
NOVA_8171981,A,Y,Y,Y,Y,Y,Y,Y,Y
NPK_8128971,A,Y,Y,Y,Y,Y,N,N,Y
NRF_8172211,A,Y,Y,Y,Y,Y,N,Y,Y
NSL_8111251,A,Y,Y,Y,Y,Y,N,Y,Y
NTSC_8119281,A,Y,Y,Y,Y,Y,N,Y,Y
NTV_8119531,C,N,N,N,N,N,N,N,N
NUSA_2023026922,A,Y,Y,Y,Y,Y,N,Y,Y
NUSA_2023029811,A,Y,Y,Y,Y,Y,N,N,Y
NUSA_8172691,A,Y,Y,Y,Y,Y,N,N,Y
NVD_8101371,A,Y,Y,Y,Y,Y,N,N,Y
NV_8149881,A,Y,Y,Y,Y,Y,N,N,Y
NWR_8147471,B,Y,Y,N,N,Y,N,N,N
OCC_8123411,A,Y,Y,Y,Y,N,N,N,N
OGC_8163031,A,N,Y,Y,Y,Y,Y,N,N
OHTL_8142401,A,Y,N,Y,Y,Y,N,N,Y
OISHI_8132281,A,N,Y,Y,N,Y,N,N,Y
ONEE_8135891,A,Y,Y,Y,N,Y,N,Y,N
ORI_8168501,A,Y,Y,Y,N,Y,N,Y,N
OR_8120221,A,Y,Y,Y,Y,N,Y,Y,Y
OSP_8115751,A,Y,Y,Y,Y,N,N,Y,Y
PACE_2023039244,A,Y,Y,Y,N,Y,N,N,N
PACO_8101441,A,Y,Y,Y,Y,Y,N,Y,Y
PAF_8154501,C,N,Y,N,N,N,N,N,Y
PB_8165961,A,Y,Y,Y,N,N,N,N,Y
PCC_8108521,C,N,N,N,N,N,N,N,N
PDJ_8109251,A,Y,Y,Y,N,N,N,N,Y
PERM_8126741,C,N,Y,Y,N,N,N,N,N
PHOL_8150471,A,Y,Y,Y,Y,N,Y,Y,N
PICO_2023030732,A,Y,Y,Y,Y,N,N,Y,Y
PIMO_8106561,A,Y,Y,Y,Y,Y,N,N,N
PIN_8150721,A,Y,Y,Y,N,Y,N,Y,Y
PJW_8161211,C,N,Y,N,N,N,N,N,N
PK_2023027225,A,Y,Y,Y,N,Y,N,N,N
PK_8138821,A,Y,Y,Y,N,Y,N,N,N
PLANB_8152041,A,Y,Y,Y,Y,Y,N,Y,Y
PLANET_8154551,A,Y,Y,Y,Y,Y,N,Y,Y
PLAT_8108951,A,N,Y,Y,N,Y,N,N,Y
PLT_2023046723,A,N,Y,Y,N,Y,N,N,Y
PLT_8158841,A,N,Y,Y,N,Y,Y,N,Y
PLUS_8130861,A,Y,Y,Y,N,Y,N,Y,N
PMTA_2023049984,A,Y,Y,Y,N,Y,N,N,Y
POLAR_8150121,C,N,Y,N,N,Y,N,N,N
POLY_8113911,A,Y,Y,Y,Y,Y,N,Y,Y
POMPUI_8151761,A,Y,Y,Y,Y,Y,N,N,Y
POMPUI_8180441,A,Y,Y,Y,Y,Y,N,N,Y
POPF_8151491,A,Y,Y,Y,Y,N,N,N,Y
PPM_8159001,C,N,Y,Y,N,N,N,N,N
PPPM_2023026911,A,Y,Y,Y,Y,N,Y,N,Y
PPPM_8169141,A,Y,Y,Y,Y,Y,N,N,Y
PQS_8168631,A,N,Y,Y,N,Y,Y,Y,Y
PR9_8164161,A,Y,Y,Y,Y,N,N,Y,Y
PRAKIT_8142291,C,N,Y,Y,N,N,N,N,N
PRAPAT_8145821,A,N,Y,Y,N,Y,N,N,Y
PREB_8135011,B,N,Y,Y,N,N,Y,N,N
PRG_8163781,C,N,Y,Y,N,N,N,N,N
PRIME_8122711,A,Y,Y,Y,N,N,N,N,Y
PRIN_8107991,C,N,N,N,N,N,N,N,N
PRI_8133831,A,Y,Y,Y,N,Y,N,Y,N
PRM_8152411,A,N,Y,Y,N,Y,N,N,Y
PROEN_8136471,A,Y,Y,Y,N,Y,N,N,Y
PROSPECT_8125281,A,Y,Y,Y,Y,N,N,N,N
PROS_8158261,A,Y,Y,Y,Y,N,N,Y,Y
PRO_8158691,B,Y,Y,Y,N,N,N,N,N
PRTR_8140691,A,Y,Y,Y,Y,Y,N,N,Y
PSG_8171481,A,Y,Y,Y,Y,Y,N,N,N
PSH_8153741,A,Y,Y,Y,Y,Y,N,N,N
PSL_8094441,A,Y,Y,Y,Y,Y,N,N,Y
PSTC_8133801,B,N,Y,Y,N,N,N,N,Y
PTC_8117091,A,Y,Y,Y,N,Y,Y,Y,Y
PTECH_8156841,A,Y,Y,Y,Y,N,Y,Y,Y
PTG_8135731,A,Y,Y,Y,Y,Y,Y,Y,Y
PTL_8186251,A,Y,Y,Y,N,Y,Y,N,Y
PTTEP_2023047737,A,Y,Y,Y,Y,Y,Y,Y,Y
PTTGC_8113141,A,Y,Y,Y,Y,N,Y,Y,Y
PTT_8129821,A,Y,Y,Y,Y,Y,Y,Y,Y
Q-CON_8105821,A,Y,Y,N,N,Y,N,N,Y
QHOP_8141831,C,N,Y,N,N,N,N,N,Y
QH_8108971,A,Y,Y,Y,Y,Y,N,Y,N
QLT_8158301,C,N,Y,N,N,Y,N,N,N
QTC_8136261,C,N,Y,Y,N,N,N,N,N
RABBIT_8155031,A,Y,Y,Y,Y,Y,N,Y,Y
RAM_2023027927,A,Y,Y,Y,Y,Y,N,N,Y
RAM_8170471,A,Y,Y,Y,Y,Y,N,N,Y
RATCH_8147131,A,Y,Y,Y,Y,Y,N,N,Y
RBF_8147791,A,Y,Y,Y,Y,Y,N,N,Y
RCL_8142701,A,Y,Y,Y,Y,Y,N,N,Y
READY_8121581,C,N,N,N,N,N,N,N,N
RICHY_8167211,A,N,Y,Y,N,Y,N,Y,N
RJH_8098461,B,N,Y,Y,N,N,N,Y,N
ROCK_8144951,A,Y,Y,Y,Y,Y,Y,N,Y
ROCTEC_8186501,C,N,Y,Y,N,N,N,N,N
ROH_8109201,B,Y,Y,N,Y,N,N,N,N
RPC_8169491,C,N,Y,N,N,N,N,N,N
RPH_8093841,A,Y,Y,Y,Y,N,N,Y,Y
RS_8171161,A,Y,Y,Y,Y,Y,N,Y,Y
RT_8152831,A,Y,Y,Y,Y,Y,N,Y,N
RWI_8138831,A,N,Y,Y,N,Y,N,Y,Y
S11_8128111,B,Y,Y,N,Y,N,N,N,N
SAAM_8153151,A,Y,Y,Y,N,N,N,Y,Y
SABUY_8158131,B,N,Y,Y,Y,N,N,N,N
SAF_8109591,A,Y,Y,Y,N,Y,N,Y,Y
SAK_8134771,A,Y,Y,Y,N,Y,N,Y,Y
SAMART_8131641,A,Y,Y,Y,N,Y,N,N,N
SAMCO_8107481,B,N,Y,Y,N,Y,N,N,N
SAMTEL_8129491,A,Y,N,Y,N,Y,N,Y,Y
SAM_8164511,B,N,Y,N,N,Y,N,N,Y
SANKO_8131671,C,Y,Y,N,N,N,N,N,N
SAPPE_8138681,A,Y,Y,Y,Y,Y,N,Y,Y
SAUCE_8158471,A,Y,Y,Y,Y,Y,Y,Y,Y
SAWAD_8170441,B,N,Y,Y,N,N,N,N,Y
SAWANG_8165761,C,N,Y,N,N,Y,N,N,N
SA_8113771,A,Y,Y,Y,Y,Y,N,N,Y
SBNEXT_8158111,A,N,Y,Y,Y,Y,N,N,N
SCAP_8169991,C,N,Y,Y,N,N,N,N,N
SCB_2023044996,A,Y,Y,Y,N,Y,N,Y,N
SCB_8171831,A,Y,Y,Y,Y,Y,N,Y,N
SCCC_2023047776,A,Y,Y,Y,Y,N,Y,N,N
SCC_2023046955,C,N,N,N,N,N,N,N,N
SCC_8162571,C,N,N,N,N,N,N,N,N
SCGP_2023046130,A,Y,Y,Y,Y,Y,Y,Y,Y
SCGP_8103741,A,Y,Y,Y,Y,Y,Y,Y,Y
SCG_8146961,A,Y,Y,Y,Y,Y,Y,Y,Y
SCI_8127411,B,N,Y,Y,N,N,N,N,Y
SCM_8136981,A,N,Y,Y,Y,Y,N,N,N
SCN_8158271,A,Y,Y,Y,Y,Y,N,N,Y
SCN_8162801,A,Y,Y,Y,Y,Y,N,N,Y
SCN_8174011,A,Y,Y,Y,Y,Y,N,N,Y
SC_8118981,C,N,Y,Y,N,N,N,N,N
SDC_8126101,C,N,N,Y,N,N,N,N,Y
SE-ED_2023030886,A,Y,Y,Y,Y,N,N,N,N
SE-ED_8150651,C,N,Y,Y,N,N,N,N,N
SEAFCO_8158351,A,Y,Y,Y,N,Y,N,Y,N
SEAOIL_8138661,A,N,Y,Y,N,N,N,Y,Y
SECURE_8132041,A,Y,Y,Y,Y,Y,N,Y,Y
SELIC_8156511,A,Y,Y,Y,Y,Y,N,Y,Y
SENA_8168521,A,Y,Y,Y,N,Y,N,Y,Y
SENX_8158861,A,Y,Y,Y,N,Y,N,N,Y
SE_8155421,A,Y,Y,Y,Y,Y,N,N,Y
SFLEX_8133461,A,N,Y,Y,N,Y,N,N,Y
SFP_8111581,A,Y,Y,Y,N,Y,N,N,Y
SFT_8145201,A,Y,Y,Y,Y,Y,Y,Y,Y
SGC_8154711,B,N,Y,Y,N,N,N,N,Y
SGF_8154751,A,N,Y,Y,N,Y,N,N,Y
SGP_8118271,A,Y,Y,Y,N,N,N,N,Y
SHANG_8099791,A,N,Y,Y,N,Y,N,Y,Y
SHREIT_8164091,A,Y,Y,Y,Y,N,N,N,N
SHR_8110221,A,Y,Y,Y,Y,Y,N,Y,Y
SIAM_8173201,A,Y,Y,Y,Y,N,N,N,N
SICT_8145701,A,N,Y,Y,Y,N,Y,N,Y
SIMAT_8168211,A,Y,Y,Y,N,N,N,Y,N
SINGER_8153561,A,N,Y,Y,Y,Y,Y,N,Y
SIRIP_8152221,A,Y,Y,Y,Y,N,N,N,Y
SIRI_2023027951,A,N,Y,Y,Y,Y,N,N,Y
SIRI_8171281,A,N,Y,Y,Y,Y,N,N,Y
SISB_8166541,A,Y,Y,Y,N,Y,N,Y,Y
SIS_8124241,A,Y,Y,Y,Y,N,N,Y,Y
SITHAI_8144791,A,Y,Y,Y,N,Y,N,Y,N
SJWD_8170911,A,N,Y,Y,Y,N,N,N,Y
SKE_8116051,A,Y,N,Y,Y,Y,N,N,Y
SKN_8115471,A,N,Y,Y,N,Y,N,N,Y
SKR_8112231,A,Y,Y,Y,N,N,N,Y,Y
SKY_8172181,A,Y,Y,Y,Y,Y,N,Y,Y
SLM_8166961,A,Y,Y,Y,Y,Y,N,Y,N
SMART_8144761,C,N,Y,N,N,N,N,N,N
SMD_8161151,A,Y,Y,Y,Y,Y,N,Y,Y
SMIT_8133441,C,N,Y,N,N,N,N,N,N
SMK_8113371,B,N,Y,Y,N,N,N,N,Y
SMPC_8130981,A,Y,Y,N,N,N,Y,N,Y
SMT_8095021,A,Y,Y,Y,Y,N,N,Y,N
SM_8144621,A,Y,Y,Y,N,Y,N,N,Y
SNC_8152621,A,Y,Y,Y,N,N,N,Y,N
SNNP_8103641,A,Y,Y,Y,Y,Y,N,Y,Y
SNP_8144231,A,Y,Y,Y,N,Y,N,Y,Y
SOLAR_8171151,A,Y,Y,Y,N,N,N,Y,Y
SORKON_8131811,B,N,Y,Y,N,Y,N,N,N
SO_8136711,A,Y,Y,Y,N,Y,N,N,N
SPA_8156011,A,Y,Y,Y,Y,N,N,N,Y
SPCG_8140721,A,Y,N,Y,Y,Y,N,Y,Y
SPRC_8119191,A,Y,Y,Y,Y,Y,Y,Y,Y
SPRIME_8101151,A,Y,Y,Y,Y,N,N,Y,N
SPVI_8106151,A,Y,N,Y,N,Y,N,Y,Y
SQ_8136281,A,Y,Y,Y,Y,Y,N,Y,Y
SR_8134451,A,Y,Y,Y,Y,Y,N,N,Y
SSC_8134331,A,Y,Y,Y,N,Y,N,Y,Y
SSF_8115131,B,Y,Y,N,Y,N,N,N,N
SSPF_8119711,C,N,Y,N,N,N,N,N,Y
SSP_8135911,A,Y,Y,Y,N,Y,N,Y,Y
STA_8109771,A,Y,Y,Y,Y,N,Y,Y,N
STC_8168081,B,Y,Y,N,N,Y,N,N,N
STECH_8149051,A,Y,Y,Y,Y,Y,N,N,Y
STEC_8165401,B,Y,Y,N,N,Y,N,N,N
STGT_8108871,A,Y,Y,Y,Y,Y,Y,Y,N
STHAI_8121891,A,Y,Y,Y,N,Y,N,N,Y
STHAI_8121971,A,Y,Y,Y,N,Y,N,N,Y
STOWER_8156701,C,Y,N,N,N,Y,N,N,N
STPI_8165681,C,N,Y,N,N,N,N,N,Y
STP_8141501,C,N,N,N,N,Y,N,N,Y
SUPEREIF_8157071,C,N,N,N,N,N,N,N,Y
SUPER_8170001,A,Y,Y,Y,Y,Y,N,N,N
SUSCO_8144201,A,Y,Y,Y,N,N,Y,N,Y
SUTHA_8157971,A,Y,Y,Y,Y,N,Y,Y,Y
SVOA_8144451,A,Y,Y,Y,Y,Y,N,N,N
SVR_2023049912,A,N,Y,Y,N,Y,N,N,Y
SVT_8135391,A,Y,Y,Y,N,Y,N,N,Y
SWC_8107491,A,Y,Y,Y,N,Y,Y,N,N
SYMC_8147421,C,N,Y,Y,N,N,N,N,N
SYNEX_8138361,B,N,Y,Y,N,Y,N,N,N
SYNTEC_8155071,A,Y,Y,Y,Y,N,N,N,N
S_8153761,A,Y,Y,Y,N,Y,N,N,Y
TACC_8125971,A,Y,Y,Y,Y,Y,N,N,Y
TAE_8117851,A,Y,Y,Y,N,N,Y,Y,N
TAKUNI_8170771,A,N,Y,Y,N,Y,Y,Y,N
TAPAC_2023034088,C,N,Y,N,N,N,N,N,Y
TCAP_8141721,A,Y,Y,Y,N,Y,N,Y,Y
TCCC_8166211,A,Y,Y,N,Y,N,Y,N,Y
TCC_8152421,C,N,Y,N,N,Y,N,N,N
TCJ_8115981,C,N,Y,Y,N,N,N,N,N
TCMC_8122671,A,Y,Y,Y,Y,Y,N,Y,N
TCOAT_8164481,C,N,Y,N,N,N,N,N,N
TEAMG_8120961,A,N,Y,Y,N,Y,N,N,Y
TEAM_8189521,C,N,Y,N,N,N,N,N,Y
TEGH_8117841,A,Y,Y,Y,N,Y,Y,Y,Y
TEKA_8119001,A,Y,Y,Y,N,N,N,Y,Y
TFG_8121531,B,N,Y,Y,N,N,N,N,Y
TFI_8128351,A,Y,Y,Y,Y,Y,Y,N,Y
TFMAMA_8166931,A,Y,Y,Y,N,N,Y,N,Y
TFM_2023049668,A,Y,Y,Y,Y,N,Y,Y,N
TGE_8142481,A,Y,Y,Y,N,N,Y,Y,N
TGH_8155431,B,N,Y,Y,N,N,N,N,Y
TGPRO_8169701,C,N,Y,N,N,Y,N,N,N
THAI_8138701,A,Y,Y,Y,N,Y,N,N,Y
THANA_8137391,A,Y,Y,Y,N,N,N,Y,N
THANI_8120321,A,Y,Y,Y,Y,N,N,Y,N
THCOM_8106881,A,Y,Y,Y,Y,N,Y,Y,Y
THE_8161001,A,Y,Y,Y,N,N,Y,Y,N
THG_8145141,A,Y,N,Y,N,Y,N,Y,Y
THL_8159091,B,N,Y,Y,N,Y,N,N,N
THL_8159781,B,N,Y,Y,N,Y,N,N,N
THL_8162831,A,N,Y,Y,N,Y,N,N,Y
THREL_8100631,C,N,Y,Y,N,N,N,N,N
THRE_8120971,A,Y,Y,Y,Y,N,N,N,N
TH_8172901,C,N,Y,N,N,Y,N,N,N
TIDLOR_8105191,A,Y,Y,Y,Y,N,N,Y,Y
TIGER_8115801,A,Y,Y,Y,Y,Y,N,Y,N
TIPCO_8151741,A,N,Y,Y,N,Y,Y,Y,Y
TISCO_2023043416,A,Y,Y,Y,Y,Y,N,Y,Y
TISCO_8148871,A,Y,Y,Y,Y,Y,N,Y,Y
TKC_8171861,A,Y,Y,Y,Y,Y,N,N,N
TKN_8138941,A,Y,Y,Y,Y,Y,N,Y,N
TKS_8138041,A,Y,Y,Y,N,N,N,N,Y
TK_8109471,A,N,Y,Y,Y,Y,N,N,N
TLI_8130741,A,Y,Y,Y,Y,N,N,Y,Y
TMC_8128641,C,N,Y,N,N,Y,N,N,N
TMD_8161381,A,Y,Y,Y,N,N,N,Y,N
TMILL_8170901,A,Y,Y,N,Y,N,N,N,Y
TMI_8147931,B,N,Y,Y,N,N,N,N,Y
TMT_8153441,A,N,Y,Y,Y,Y,Y,N,N
TMW_8193231,B,N,Y,Y,N,Y,N,N,N
TNDT_8161481,A,Y,Y,Y,Y,Y,N,N,Y
TNITY_8122101,A,Y,Y,Y,Y,N,N,Y,N
TNL_8110311,A,Y,Y,Y,Y,Y,N,Y,Y
TNPC_2023026926,C,N,N,N,N,N,N,N,N
TNPC_8172111,A,Y,Y,Y,N,Y,Y,N,N
TNPF_8167451,C,N,Y,N,N,N,N,N,N
TNP_8094841,A,Y,Y,Y,Y,Y,N,Y,N
TNR_8121841,A,Y,Y,Y,N,Y,N,N,N
TOA_8154321,A,Y,Y,Y,N,Y,Y,Y,Y
TOG_8114861,A,Y,Y,Y,Y,N,N,N,Y
TPAC_8155761,A,Y,Y,Y,Y,Y,N,Y,N
TPA_8134701,B,N,Y,Y,N,N,Y,N,N
TPBI_8157101,B,N,Y,Y,N,N,N,N,Y
TPCH_8102471,A,Y,Y,Y,Y,Y,N,N,Y
TPCS_8148691,A,Y,Y,Y,N,N,N,N,Y
TPLAS_8100221,A,Y,Y,Y,Y,N,Y,Y,Y
TPOLY_8138511,A,Y,Y,Y,N,Y,N,N,Y
TPP_8163211,C,N,Y,Y,N,N,N,N,N
TPRIME_8159661,A,Y,Y,Y,Y,N,N,N,N
TPS_8137791,A,Y,Y,Y,N,Y,N,Y,Y
TQM_8152311,A,Y,Y,Y,Y,Y,N,Y,N
TQR_8117571,C,N,Y,Y,N,N,N,N,N
TRC_8149471,A,Y,Y,Y,Y,Y,N,N,N
TRITN_2023027083,B,N,Y,Y,N,N,N,Y,N
TRITN_8171821,A,Y,Y,Y,N,N,N,Y,Y
TRT_8169061,C,N,Y,N,N,N,N,N,N
TRUE_2023027613,A,Y,Y,Y,Y,Y,N,N,N
TRUE_8122011,A,N,Y,Y,N,N,N,Y,Y
TRUE_8123241,A,N,Y,Y,N,N,N,Y,Y
TRU_8118061,C,N,Y,Y,N,N,N,N,N
TRV_8145811,A,Y,Y,Y,N,Y,Y,Y,Y
TSC_8106361,C,Y,N,N,Y,N,N,N,N
TSE_8133691,A,Y,Y,Y,N,N,N,N,Y
TSI_8132441,C,Y,N,N,N,N,N,N,N
TSTE_8162161,C,N,N,N,N,N,N,N,N
TSTH_2023043802,A,Y,Y,Y,Y,N,Y,N,Y
TTA_8168711,A,Y,Y,Y,N,N,N,Y,Y
TTCL_8161711,A,Y,Y,Y,N,Y,N,N,Y
TTI_8144511,C,N,Y,Y,N,N,N,N,N
TTLPF_8182751,B,Y,N,Y,Y,N,N,N,N
TTW_8128341,B,N,Y,Y,Y,N,N,N,N
TURTLE_8135241,A,Y,Y,Y,N,Y,N,N,Y
TU_2023049900,A,Y,Y,Y,Y,Y,Y,Y,Y
TVDH_8151831,C,N,Y,N,N,Y,N,N,N
TVI_8156881,A,Y,Y,Y,N,Y,N,N,Y
TVO_8151331,A,Y,Y,Y,Y,Y,Y,Y,Y
TVT_8121171,B,Y,Y,N,N,N,N,N,Y
TWPC_8105171,A,Y,Y,Y,Y,Y,Y,Y,Y
TWP_8149431,A,Y,Y,Y,N,N,Y,N,Y
TWZ_8155171,A,Y,Y,Y,N,Y,N,Y,N
TYCN_8132131,A,Y,Y,Y,N,N,Y,Y,Y
UAC_8139921,A,Y,Y,Y,Y,N,N,N,Y
UBE_8137471,A,Y,Y,Y,Y,Y,N,Y,N
UBIS_8137691,A,Y,Y,Y,Y,Y,N,N,Y
UEC_8119971,A,Y,Y,Y,N,N,N,Y,Y
UKEM_8171331,A,Y,Y,Y,Y,N,Y,N,N
UMI_8142921,B,N,Y,N,N,Y,Y,N,N
UMS_8131341,B,N,Y,Y,N,Y,N,N,N
UOBKH_8146191,B,N,Y,Y,N,N,N,N,Y
URBNPF_8159041,A,Y,Y,Y,Y,N,N,Y,Y
UREKA_8139081,A,Y,Y,Y,N,Y,N,Y,Y
UTP_8127761,A,N,Y,Y,N,Y,Y,Y,N
UV_8099021,A,Y,Y,Y,Y,Y,N,Y,Y
VARO_8147411,B,Y,Y,Y,N,N,N,N,N
VCOM_8158631,B,N,Y,Y,N,Y,N,N,N
VGI_8189941,A,Y,Y,Y,Y,Y,N,Y,Y
VIBHA_8167801,C,N,Y,N,N,N,N,N,N
VL_8145221,A,Y,Y,Y,N,Y,N,N,Y
VNG_8101521,A,Y,Y,Y,Y,N,Y,N,N
VPO_8117561,A,Y,Y,Y,Y,Y,Y,N,N
VRANDA_8144841,A,Y,N,Y,Y,Y,N,Y,Y
WARRIX_8171951,A,Y,Y,Y,Y,Y,N,Y,Y
WARRIX_8173521,A,Y,Y,Y,Y,Y,N,Y,Y
WAVE_2023027153,A,Y,Y,Y,Y,N,N,N,N
WAVE_2023027674,A,Y,Y,Y,Y,N,N,N,N
WAVE_8137071,B,N,Y,Y,N,N,N,N,Y
WELL_8167551,B,N,Y,Y,Y,N,N,N,N
WGE_8128541,A,N,Y,Y,Y,N,N,Y,Y
WHAIR_8119801,B,N,Y,Y,Y,N,N,N,N
WHAUP_8129651,A,Y,Y,Y,Y,Y,Y,Y,Y
WHA_8129831,A,Y,Y,Y,Y,Y,N,Y,Y
WICE_8151461,A,Y,Y,Y,Y,N,N,Y,Y
WINNER_8133991,A,Y,Y,Y,Y,Y,N,Y,Y
WIN_8165861,C,N,Y,N,N,N,N,N,N
WORLD_8171251,A,Y,Y,Y,N,N,N,Y,Y
WPH_8143041,A,Y,Y,Y,N,Y,N,Y,Y
WP_8127481,A,N,Y,Y,N,Y,Y,N,N
W_8150871,A,Y,Y,Y,Y,N,N,N,Y
XPG_8127571,B,N,Y,Y,N,N,N,N,Y
YGG_8140091,A,Y,Y,Y,N,Y,N,N,Y
YONG_8115551,A,Y,N,Y,Y,Y,N,Y,Y
ZAA_8108051,C,N,Y,Y,N,N,N,N,N
ZEN_8142211,A,Y,Y,Y,Y,Y,N,Y,Y
ZIGA_8142831,A,Y,Y,Y,Y,N,N,N,N
24CS_82920701,A,N,Y,Y,N,N,N,Y,Y
2S_82713101,A,Y,Y,N,N,N,Y,N,Y
3BBIF_82750701,C,N,N,Y,N,N,N,Y,N
3K-BAT_83206601,C,N,Y,N,N,N,N,N,Y
A5_83105101,A,Y,Y,Y,Y,Y,N,N,Y
AAI_82782101,A,Y,Y,Y,Y,Y,N,Y,N
AAV_83094201,A,Y,Y,Y,N,N,N,Y,N
ABM_82957501,A,Y,Y,Y,Y,Y,N,N,Y
ACAP_82888701,C,N,Y,N,N,N,N,N,Y
ACC_83288001,A,Y,Y,Y,N,N,N,Y,Y
ACE_83094601,A,Y,Y,Y,N,Y,N,Y,Y
ACG_82818101,A,Y,Y,Y,Y,Y,N,Y,Y
ADD_82845901,A,Y,Y,Y,N,Y,N,N,Y
ADVANC_82672301,A,Y,Y,Y,Y,Y,N,Y,Y
AEONTS_8235251,A,Y,Y,Y,N,Y,N,Y,N
AE_83117801,A,Y,Y,Y,Y,Y,N,N,Y
AFC_83454501,C,N,N,N,N,N,N,N,N
AGE_82717201,A,Y,Y,Y,Y,Y,Y,Y,Y
AHC_82784701,C,N,N,N,N,N,N,N,N
AH_83019401,A,Y,Y,Y,N,N,N,Y,N
AIE_82975901,A,Y,Y,Y,Y,Y,Y,Y,Y
AIT_82868101,A,Y,Y,Y,Y,Y,N,N,N
AIT_82962801,A,Y,Y,Y,Y,Y,N,N,Y
AI_82988801,A,Y,Y,Y,N,N,N,N,Y
AJA_82947801,A,Y,Y,Y,Y,Y,N,N,N
AKP_83007001,A,Y,Y,Y,N,Y,N,Y,N
AKR_83275001,B,Y,N,Y,N,Y,N,N,N
AKS_83299701,B,Y,Y,Y,N,N,N,N,N
ALLA_82735101,A,Y,N,Y,Y,Y,N,Y,Y
ALLY_82944801,A,Y,Y,Y,Y,Y,N,N,Y
ALL_83082101,C,Y,Y,N,N,N,N,N,N
ALPHAX_83069701,A,Y,Y,Y,N,Y,N,N,N
ALT_82690501,C,Y,N,Y,N,N,N,N,N
ALUCON_83002701,A,Y,Y,Y,N,Y,Y,N,Y
AMANAH_82785001,A,Y,Y,Y,Y,Y,N,Y,Y
AMARIN_82998901,A,Y,Y,Y,N,Y,N,N,N
AMATAV_82808701,A,Y,Y,Y,Y,Y,N,Y,Y
AMATA_83111101,A,N,Y,Y,Y,Y,Y,Y,Y
AMA_82682301,A,Y,Y,Y,Y,N,N,Y,Y
AMC_82934001,A,N,Y,Y,Y,Y,N,Y,N
AMR_83006101,A,Y,Y,Y,N,Y,N,Y,Y
ANAN_82804401,B,N,Y,Y,N,N,N,Y,N
AOT_83043301,A,Y,Y,Y,Y,Y,N,Y,Y
APCO_82754201,A,N,Y,Y,N,Y,N,N,Y
APCS_82812901,A,Y,Y,Y,Y,N,N,N,Y
APCS_82830301,A,Y,Y,Y,Y,N,N,N,Y
APEX_83279301,C,N,Y,Y,N,N,N,N,N
APEX_83329901,C,N,Y,Y,N,N,N,N,N
APP_82639901,A,Y,Y,Y,Y,Y,N,Y,N
APURE_83280901,C,N,Y,N,N,N,N,N,Y
APURE_83283401,C,N,Y,N,N,N,N,N,Y
APURE_83314401,C,N,Y,N,N,N,N,N,Y
AQUA_83159701,A,Y,Y,Y,Y,Y,N,Y,Y
ARIN_82933501,A,Y,Y,Y,N,Y,N,N,Y
ARROW_82806501,A,Y,Y,Y,N,Y,Y,Y,N
ASAP_83118801,A,Y,Y,Y,Y,N,N,N,Y
ASEFA_82913301,A,N,Y,Y,Y,N,N,N,Y
ASIAN_82788501,A,Y,Y,Y,Y,Y,Y,N,Y
ASIA_83248701,A,N,Y,Y,N,Y,N,Y,N
ASIMAR_83224901,A,Y,Y,Y,Y,Y,N,N,N
ASK_82786101,B,Y,Y,Y,N,N,N,N,N
ASP_83222401,C,N,Y,Y,N,N,N,N,N
ASW_82916501,A,N,Y,Y,N,Y,N,N,Y
ATP30_82728901,A,Y,Y,Y,N,Y,N,Y,N
AUCT_83059101,A,Y,Y,Y,Y,N,N,Y,N
AURA_83196601,A,Y,Y,Y,N,N,Y,Y,N
AU_82901801,A,Y,Y,Y,N,Y,N,Y,Y
AWC_82834101,A,Y,Y,Y,Y,Y,N,Y,N
AYUD_83252201,B,N,Y,Y,Y,N,N,N,N
AYUD_83384201,B,N,Y,Y,N,N,N,N,Y
B-WORK_83055701,C,N,Y,N,N,N,N,N,Y
B52_82831401,B,N,Y,Y,N,N,N,N,Y
BAFS_82892101,A,Y,Y,Y,Y,Y,N,N,Y
BAM_83121201,A,Y,Y,Y,Y,N,Y,Y,Y
BANPU_82954201,A,Y,Y,Y,Y,Y,Y,N,N
BAREIT_83052801,A,Y,Y,Y,Y,N,N,N,N
BAY_8250111,A,Y,Y,Y,N,Y,N,N,N
BAY_83435101,A,Y,Y,Y,Y,Y,N,Y,N
BA_82990601,A,Y,Y,Y,Y,N,N,N,N
BBGI_82701501,A,Y,Y,Y,Y,Y,Y,Y,Y
BBIK_83128701,A,Y,Y,Y,N,Y,N,Y,Y
BCH_83283801,A,Y,Y,Y,Y,Y,N,Y,Y
BCPG_82704301,A,Y,Y,Y,Y,Y,N,Y,Y
BCPG_82723501,A,Y,Y,Y,Y,Y,N,Y,Y
BCP_82747101,A,Y,Y,Y,Y,Y,Y,Y,Y
BC_82896801,A,Y,Y,Y,N,N,N,N,Y
BDMS_83056501,A,Y,Y,Y,Y,Y,N,Y,Y
BE8_82845501,A,N,Y,Y,N,Y,N,N,Y
BE8_82956801,A,N,Y,Y,N,Y,N,N,Y
BEAUTY_83157201,A,Y,Y,Y,N,Y,N,N,N
BEC_82989201,A,Y,Y,Y,Y,N,N,Y,N
BEM_82891401,A,Y,Y,Y,Y,N,N,Y,Y
BEYOND_82652601,A,Y,Y,Y,Y,Y,N,Y,N
BGC_82762501,A,Y,Y,Y,Y,Y,N,Y,Y
BGRIM_82935801,A,Y,Y,Y,Y,N,Y,Y,Y
BH_82811701,A,Y,Y,Y,Y,Y,N,N,N
BIG_83023001,A,Y,Y,Y,Y,N,N,N,N
BIG_83136401,A,Y,Y,Y,Y,N,N,N,N
BIOTEC_83112401,A,Y,Y,Y,N,Y,N,Y,Y
BIS_83068701,A,Y,Y,Y,Y,Y,N,Y,N
BIZ_82668201,A,Y,Y,Y,Y,Y,N,Y,Y
BJCHI_83144901,A,Y,Y,Y,Y,N,N,N,Y
BJC_82776701,A,Y,Y,Y,Y,Y,N,Y,Y
BKD_82905101,C,N,Y,N,N,N,N,N,Y
BKI_83029301,C,N,N,N,N,N,N,N,N
BLA_83253001,A,Y,Y,Y,N,Y,N,Y,N
BLC_8218361,A,Y,Y,Y,Y,N,N,Y,Y
BLC_8218411,A,N,Y,Y,N,N,N,Y,Y
BLC_83151301,A,Y,Y,Y,Y,N,N,N,Y
BLESS_82921901,C,N,N,N,N,N,N,N,N
BLISS_82800501,A,Y,Y,Y,N,N,N,Y,N
BM_83145501,A,N,Y,Y,Y,N,N,Y,N
BOFFICE_82784001,B,Y,Y,Y,N,N,N,N,N
BPP_82949701,A,Y,Y,Y,Y,Y,Y,Y,Y
BRI_83074301,A,Y,Y,N,N,Y,N,N,Y
BROCK_82801201,C,N,Y,Y,N,N,N,N,N
BROOK_82873101,B,Y,Y,Y,N,N,N,N,N
BRRGIF_82748001,C,N,N,Y,Y,N,N,N,N
BSM_83110901,C,N,Y,N,N,Y,N,N,N
BSRC_82836001,A,Y,Y,N,N,Y,N,N,Y
BTG_82991601,A,Y,Y,Y,Y,N,Y,Y,Y
BTSGIF_83222201,A,Y,Y,Y,Y,N,N,N,Y
BTS_83378701,A,Y,Y,Y,Y,Y,N,Y,Y
BUI_82747401,B,Y,Y,Y,N,N,N,N,N
BVG_82813901,A,Y,Y,Y,Y,Y,N,N,Y
BWG_83167701,B,N,Y,Y,N,N,N,N,Y
B_83305401,A,Y,Y,Y,Y,Y,N,Y,N
CAZ_82734001,A,Y,Y,Y,N,Y,N,N,Y
CBG_82896501,A,Y,Y,Y,Y,Y,Y,N,Y
CCET_83142301,B,N,Y,Y,N,Y,N,N,N
CCP_83246901,A,Y,Y,N,Y,N,Y,N,N
CENTEL_83109001,A,Y,Y,Y,Y,Y,N,Y,N
CEN_83218601,A,Y,Y,Y,Y,Y,N,N,N
CEYE_83277201,A,Y,Y,Y,Y,Y,N,Y,Y
CGD_83134401,A,Y,Y,Y,N,Y,N,Y,Y
CHASE_83063501,A,Y,Y,Y,Y,Y,N,Y,Y
CHEWA_82957901,A,Y,Y,Y,Y,Y,N,N,N
CHG_82935301,A,Y,Y,Y,Y,Y,N,Y,Y
CHIC_83142901,B,N,Y,N,N,Y,N,N,Y
CHOTI_83290801,A,Y,Y,Y,N,N,N,N,Y
CHOW_83296101,A,Y,Y,Y,Y,N,N,N,N
CHO_83248601,A,Y,Y,Y,N,Y,N,N,N
CH_82932501,A,Y,Y,Y,Y,Y,N,Y,N
CIG_83149201,A,Y,Y,Y,Y,Y,N,N,Y
CIG_83175201,A,Y,Y,Y,Y,Y,N,N,Y
CITY_8209421,B,N,Y,N,Y,N,N,N,Y
CIVIL_82934901,A,Y,Y,Y,Y,Y,N,Y,Y
CI_82841301,B,N,Y,Y,N,N,N,N,Y
CKP_82832701,A,Y,Y,Y,N,N,N,Y,Y
CK_83199801,A,N,Y,Y,N,Y,N,N,Y
CMAN_83133801,A,Y,Y,N,Y,Y,N,N,N
CMC_83125501,A,Y,Y,Y,Y,N,N,N,N
CMO_83151501,A,Y,Y,Y,N,N,N,Y,Y
CMR_83202601,B,N,Y,Y,N,Y,N,N,N
CM_82810301,A,Y,Y,Y,Y,N,N,Y,Y
COLOR_83204301,A,Y,Y,Y,Y,Y,N,Y,Y
COM7_82729801,A,Y,Y,Y,N,Y,N,N,Y
COMAN_83107401,A,Y,Y,Y,Y,Y,N,Y,N
COTTO_8253271,C,N,N,N,N,N,N,N,N
COTTO_82878501,C,N,N,N,N,N,N,N,N
CPALL_82884501,A,Y,Y,Y,Y,Y,N,Y,Y
CPANEL_82765401,A,Y,Y,Y,N,Y,N,N,Y
CPAXT_82665201,A,N,Y,Y,N,Y,N,N,Y
CPF_83053101,C,Y,Y,N,N,N,N,N,N
CPI_82838201,A,Y,Y,Y,N,Y,Y,Y,Y
CPL_82966801,A,Y,Y,Y,Y,Y,N,N,N
CPNCG_82991001,A,Y,Y,Y,Y,N,N,N,Y
CPNREIT_82965301,C,N,N,N,N,N,N,N,N
CPNREIT_82972101,C,N,N,N,N,N,N,N,N
CPN_83134601,A,Y,Y,Y,Y,Y,N,Y,N
CPN_83341401,A,Y,Y,Y,Y,Y,N,Y,N
CPR_82741101,C,Y,Y,N,N,N,N,N,N
CPTGF_83395901,B,Y,Y,Y,N,N,N,N,N
CPT_82858701,A,N,Y,Y,Y,Y,N,N,N
CPW_82666901,A,Y,Y,Y,N,Y,N,Y,Y
CRANE_83036501,B,Y,Y,Y,N,N,N,N,N
CRC_83253901,C,N,N,N,N,N,N,N,N
CSC_82860801,C,N,Y,N,N,N,N,N,Y
CSP_83193001,A,N,Y,Y,N,Y,Y,N,Y
CSR_82630001,C,N,N,N,N,N,N,N,N
CTW_83193401,C,N,Y,N,N,N,N,N,N
CV_83262201,A,Y,Y,Y,N,N,N,N,Y
CWT_83284701,B,N,Y,Y,Y,N,N,N,N
DCC_82692501,A,Y,Y,Y,N,Y,Y,Y,N
DCON_83267501,C,N,Y,Y,N,N,N,N,N
DELTA_8256681,A,Y,Y,Y,Y,N,N,N,N
DEMCO_83010301,A,Y,Y,Y,N,N,N,Y,Y
DEXON_83275501,B,N,Y,Y,N,N,N,N,Y
DHOUSE_83287701,A,Y,Y,Y,Y,Y,N,Y,Y
DIMET_83221801,A,Y,Y,Y,Y,Y,N,N,Y
DITTO_83053401,A,Y,Y,Y,N,Y,N,Y,Y
DMT_82830001,A,Y,Y,Y,Y,Y,N,Y,Y
DOD_82870401,A,Y,Y,Y,N,Y,N,N,Y
DOHOME_82710701,A,Y,Y,Y,Y,N,N,N,N
DPAINT_83215301,A,Y,Y,Y,N,Y,Y,Y,Y
DREIT_83097201,B,Y,Y,Y,N,N,N,N,N
DRT_82714001,A,Y,Y,Y,Y,Y,Y,Y,N
DTCENT_83102401,A,Y,N,Y,N,Y,N,Y,Y
DUSIT_83280501,A,Y,Y,Y,Y,N,N,N,Y
D_82848001,A,N,Y,Y,N,Y,N,N,Y
EASON_83073201,C,N,Y,Y,N,N,N,N,N
EASTW_82797901,A,Y,Y,Y,Y,Y,Y,Y,Y
EA_83096701,A,Y,Y,Y,N,Y,Y,Y,Y
ECF_83153301,A,Y,Y,Y,Y,N,N,N,Y
EE_83089601,A,Y,Y,Y,Y,Y,N,N,N
EFORL_82937901,A,Y,Y,Y,N,Y,N,Y,Y
EGATIF_83393201,C,N,N,Y,N,N,N,N,N
EGCO_83291301,A,Y,Y,Y,N,N,Y,Y,Y
EKH_82813201,A,Y,Y,Y,N,Y,N,N,Y
EPG_83005101,A,Y,Y,Y,Y,N,N,N,N
EP_83160601,A,Y,Y,Y,N,N,N,Y,Y
ERWPF_82996701,C,N,Y,N,N,N,N,N,N
ERW_83225601,A,Y,Y,Y,Y,Y,N,N,Y
ESTAR_83258901,A,Y,Y,N,N,Y,N,N,Y
ETC_82764101,A,N,Y,Y,N,Y,N,N,Y
ETE_82930101,A,Y,Y,Y,N,Y,N,N,Y
EVER_82928201,A,Y,Y,Y,Y,Y,N,N,Y
FANCY_82861901,A,Y,Y,Y,N,Y,N,N,Y
FE_83050501,A,Y,Y,Y,N,N,N,N,Y
FN_82927101,A,N,N,Y,Y,Y,N,N,Y
FORTH_83299101,A,Y,Y,Y,Y,Y,Y,Y,Y
FPI_83113801,B,N,Y,Y,N,N,N,N,Y
FPT_82620601,A,Y,Y,N,Y,Y,N,N,Y
FSMART_83150801,A,Y,Y,Y,N,Y,N,Y,N
FTE_83283001,B,N,Y,Y,N,Y,N,N,N
FTI_83177201,A,Y,Y,Y,N,Y,N,N,N
FUTUREPF_83233901,A,Y,Y,Y,Y,Y,N,Y,Y
FVC_83279401,A,Y,Y,Y,Y,Y,N,N,Y
GABLE_82864201,B,N,Y,Y,N,Y,N,N,N
GC_82745301,B,Y,Y,N,Y,N,N,N,N
GEL_83281501,B,Y,Y,Y,N,N,N,N,N
GENCO_83024501,B,Y,Y,N,N,Y,N,N,N
GFPT_82829201,A,Y,Y,Y,N,N,Y,Y,Y
GGC_82646001,A,Y,Y,Y,Y,N,Y,Y,Y
GIFT_8253971,A,Y,N,Y,N,Y,N,Y,Y
GJS_82761801,A,Y,Y,Y,N,Y,Y,N,Y
GLAND_82689501,A,Y,Y,Y,Y,Y,N,Y,N
GLOBAL_8254731,A,Y,Y,Y,Y,Y,N,Y,N
GLOCON_83240601,B,Y,Y,Y,N,N,N,N,N
GLORY_82628401,A,Y,Y,Y,N,Y,N,Y,Y
GPI_82681901,A,Y,Y,Y,Y,N,N,Y,Y
GPSC_82795201,A,Y,Y,Y,Y,Y,Y,Y,Y
GRAMMY_83112201,A,Y,Y,Y,Y,N,N,N,N
GREEN_82865201,A,Y,Y,Y,Y,N,N,N,Y
GSC_83163201,B,Y,Y,N,N,N,N,N,Y
GSC_83405101,A,Y,Y,Y,N,N,N,N,Y
GSTEEL_82910901,A,Y,Y,Y,Y,N,Y,N,Y
GTB_82727801,B,Y,Y,Y,N,N,N,N,N
GTV_82970301,A,Y,Y,Y,Y,Y,N,Y,N
GULF_82902801,A,Y,Y,Y,Y,Y,Y,Y,Y
GUNKUL_83099801,A,Y,Y,Y,Y,N,N,N,Y
GVREIT_83189701,B,N,Y,Y,N,N,N,Y,N
GYT_82851701,B,N,N,Y,N,N,N,Y,Y
HANA_83223201,B,N,Y,Y,Y,N,N,N,N
HARN_83247801,B,N,Y,Y,N,Y,N,N,N
HEALTH_82898601,A,Y,Y,Y,Y,N,N,N,Y
HENG_82720401,A,Y,Y,Y,N,N,N,Y,Y
HL_83097101,A,Y,Y,Y,Y,Y,N,Y,Y
HMPRO_8252631,A,Y,Y,Y,Y,N,N,Y,N
HPT_83150601,A,Y,Y,Y,N,Y,Y,N,N
HTECH_83234201,A,Y,Y,Y,Y,N,N,Y,N
HUMAN_83145901,A,Y,Y,Y,Y,N,N,Y,N
HYDRO_82954001,B,Y,Y,N,N,N,N,N,Y
HYDRO_83452001,B,Y,Y,N,N,N,N,N,Y
I2_82645101,A,Y,Y,Y,Y,Y,N,N,Y
I2_82645401,A,Y,Y,Y,Y,Y,N,N,Y
I2_83094401,A,Y,Y,Y,Y,Y,N,Y,Y
IFEC_83124001,A,Y,Y,Y,Y,N,N,N,Y
IHL_82827101,A,Y,N,Y,N,N,N,Y,Y
IIG_83122401,A,Y,Y,Y,N,Y,N,N,Y
III_82713701,C,Y,N,N,N,N,N,N,Y
ILINK_83070001,A,Y,Y,Y,N,N,N,Y,N
ILM_82785701,A,Y,Y,Y,Y,Y,N,Y,Y
IND_82888301,A,N,Y,Y,Y,Y,N,N,N
IND_83414801,A,N,Y,Y,Y,Y,N,N,N
INET_83119501,A,Y,Y,Y,Y,Y,N,Y,Y
INET_83134501,A,Y,Y,Y,Y,Y,N,Y,Y
INGRS_8213031,B,N,Y,Y,N,Y,N,N,N
INSET_82904201,A,N,Y,Y,N,Y,N,Y,Y
INSURE_82817101,B,Y,Y,Y,N,N,N,N,N
INTUCH_82831901,A,Y,Y,Y,N,Y,N,Y,N
IP_82951401,A,N,Y,Y,N,Y,N,N,Y
IRCP_83088801,C,N,Y,N,N,Y,N,N,N
IRC_82805701,A,Y,Y,Y,N,Y,N,Y,N
IRPC_82758001,A,Y,Y,Y,Y,Y,Y,N,Y
ITC_8256271,C,N,N,N,N,N,N,N,N
ITD_83264101,C,N,Y,N,N,N,N,N,Y
ITEL_82734501,A,Y,Y,Y,N,Y,N,Y,N
ITNS_83137401,A,Y,Y,Y,N,Y,N,N,N
ITTHI_83094801,A,Y,Y,Y,Y,Y,N,Y,Y
IT_82780001,C,N,Y,N,N,N,N,N,N
IVL_82997101,A,Y,Y,Y,Y,Y,N,Y,N
JAK_82944201,A,Y,Y,Y,N,Y,N,Y,Y
JAS_82927201,A,Y,Y,Y,Y,Y,N,Y,N
JCKH_83239801,A,Y,Y,Y,N,Y,N,N,Y
JCT_83188101,A,Y,Y,Y,N,Y,N,N,Y
JKN_83318601,A,Y,Y,Y,Y,Y,N,Y,Y
JKN_83405001,A,Y,Y,Y,Y,Y,N,Y,Y
JKN_83431101,A,Y,Y,Y,Y,Y,N,Y,Y
JMART_82952401,A,Y,Y,Y,Y,N,N,Y,Y
JMT_82835901,A,Y,Y,Y,Y,Y,N,N,N
JR_83087401,A,N,Y,Y,N,Y,N,N,Y
JSP_82859001,A,Y,Y,Y,N,Y,N,Y,Y
JTS_82705701,A,Y,Y,Y,N,Y,N,N,N
JUBILE_82957101,A,Y,Y,Y,Y,Y,N,N,N
J_82727101,A,Y,Y,Y,N,Y,N,Y,Y
KAMART_82867201,C,N,Y,N,N,N,N,N,N
KASET_83225001,A,Y,Y,N,N,Y,N,N,Y
KBANK_83525701,A,Y,Y,Y,Y,Y,N,N,Y
KBANK_83527401,C,N,Y,N,N,N,N,N,N
KBSPIF_83393001,C,N,N,Y,Y,N,N,N,N
KCAR_83302901,B,Y,Y,N,N,Y,N,N,N
KCCAMC_82715901,A,Y,Y,Y,N,Y,N,N,Y
KCE_82719401,B,Y,Y,Y,N,N,N,N,N
KCG_82598201,A,Y,Y,Y,Y,N,Y,Y,Y
KCG_82598601,A,Y,Y,Y,N,N,N,Y,N
KCG_83053301,A,Y,Y,Y,Y,N,Y,Y,N
KCM_83143601,A,Y,Y,Y,Y,N,N,Y,N
KC_83103401,A,Y,Y,Y,N,Y,Y,Y,N
KEX_82709401,A,Y,Y,Y,Y,N,N,N,N
KGEN_83120401,C,Y,N,Y,N,N,N,N,N
KGI_83395101,B,N,Y,Y,N,N,N,N,Y
KIAT_82733201,A,Y,Y,Y,N,Y,N,N,N
KISS_83256001,A,Y,Y,Y,Y,Y,Y,Y,Y
KJL_82789501,B,N,Y,N,N,Y,N,N,Y
KKC_8217271,B,N,Y,Y,Y,N,N,N,N
KKC_83183101,C,N,Y,N,Y,N,N,N,N
KKP_8250981,A,Y,Y,Y,Y,Y,N,N,N
KKP_83434501,A,Y,Y,Y,Y,Y,N,N,N
KK_82656301,A,Y,Y,Y,N,N,N,N,Y
KK_82680601,A,Y,Y,Y,N,N,N,N,Y
KLINIQ_83234501,C,Y,Y,N,N,N,N,N,N
KOOL_83115001,A,Y,Y,Y,Y,Y,N,N,N
KTBSTMR_82937101,B,N,Y,Y,Y,N,N,N,N
KTB_8251171,A,Y,Y,Y,Y,Y,N,Y,Y
KTB_83443301,A,Y,Y,Y,Y,Y,N,Y,Y
KTC_8251041,A,Y,Y,Y,Y,Y,N,Y,N
KTC_83087101,A,Y,Y,Y,Y,Y,N,Y,N
KTMS_83130101,A,Y,Y,Y,N,Y,N,N,Y
KUN_82849601,A,Y,Y,Y,N,Y,N,N,Y
KWI_83112801,A,Y,Y,Y,N,N,N,N,Y
KWM_83005501,C,N,N,N,N,N,N,N,N
K_83143001,A,Y,Y,Y,Y,Y,N,N,Y
LALIN_83140401,C,N,Y,N,N,N,N,N,Y
LANNA_82994901,A,Y,Y,Y,Y,Y,Y,Y,N
LDC_83159501,A,Y,Y,Y,Y,Y,N,Y,N
LEE_82877901,C,N,N,N,N,N,N,N,N
LHFG_8249911,A,Y,Y,Y,Y,Y,N,Y,N
LHFG_83485601,A,Y,Y,Y,Y,Y,N,Y,N
LHK_83220001,A,Y,Y,Y,Y,Y,Y,N,Y
LH_82877201,A,Y,Y,Y,Y,Y,N,N,N
LOXLEY_83038101,A,Y,Y,Y,Y,Y,N,Y,N
LPF_8251541,C,N,N,Y,Y,N,N,N,N
LPH_83206001,A,Y,Y,Y,Y,Y,N,Y,N
LPN_82614501,A,Y,Y,Y,N,Y,N,Y,Y
LRH_82703801,A,N,Y,Y,N,Y,Y,N,Y
LUXF_82894001,A,N,Y,Y,Y,N,N,N,Y
M-CHAI_83236401,A,Y,Y,Y,N,N,N,Y,Y
M-PAT_82663301,C,N,Y,N,N,N,N,N,Y
M-STOR_82982701,C,N,Y,N,N,N,N,N,N
MAJOR_82899401,A,Y,Y,Y,N,N,N,N,Y
MALEE_82922901,A,Y,Y,Y,N,Y,N,N,Y
MASTER_83288201,A,Y,Y,Y,N,Y,N,Y,Y
MATCH_82752801,C,N,Y,Y,N,N,N,N,N
MATI_83285701,A,Y,Y,Y,Y,N,N,N,N
MBAX_82921001,C,N,N,N,N,N,N,N,N
MBK_83190401,A,Y,Y,Y,Y,N,N,Y,N
MCOT_82862501,C,N,N,N,N,N,N,N,N
MCOT_82912601,C,N,Y,Y,N,N,N,N,N
MCS_83168101,C,N,Y,N,N,N,N,N,N
MC_83445701,A,Y,N,Y,N,N,N,Y,Y
MEB_83069901,A,N,Y,Y,N,N,N,Y,Y
MEB_83093601,A,N,Y,Y,N,N,N,Y,Y
MEGA_83031501,A,Y,Y,Y,Y,Y,N,Y,Y
MENA_83136201,A,N,Y,Y,N,Y,N,Y,N
META_83073701,A,Y,Y,Y,Y,Y,N,N,Y
MFC_82854801,C,N,N,N,N,N,N,N,N
MFEC_82834901,A,Y,Y,Y,N,N,N,N,Y
MGC_82926901,A,N,N,Y,Y,N,N,Y,Y
MICRO_82983701,A,Y,Y,Y,Y,N,N,Y,Y
MIDA_83272501,A,Y,Y,Y,N,N,N,Y,N
MILL_83293801,B,Y,Y,N,N,N,N,N,Y
MINT_82990501,A,Y,Y,Y,N,Y,N,N,Y
MITSIB_82949601,A,Y,Y,Y,Y,Y,N,N,Y
MIT_82781501,A,Y,Y,Y,N,N,N,N,Y
MJD_83253401,C,N,N,N,N,N,N,N,N
MJLF_82738201,C,N,Y,N,N,N,N,N,N
MK_83265501,A,Y,Y,Y,N,Y,N,N,N
ML_83229201,A,Y,Y,Y,N,Y,N,Y,Y
MNIT2_82749601,C,N,Y,N,N,N,N,N,Y
MNIT_82990301,C,N,Y,N,N,N,N,N,N
MNRF_82834701,C,N,Y,N,N,N,N,N,Y
MODERN_83062301,A,N,Y,Y,Y,Y,N,Y,Y
MONO_82819801,A,Y,Y,Y,Y,Y,N,Y,Y
MOONG_82712101,B,N,Y,Y,Y,N,N,N,N
MORE_82696101,A,Y,Y,Y,N,Y,N,N,N
MOSHI_82996001,A,Y,Y,Y,Y,Y,N,Y,N
MOSHI_83088601,A,Y,Y,Y,Y,Y,N,Y,N
MST_8255401,A,N,Y,Y,N,N,N,Y,Y
MST_83404601,A,N,Y,Y,N,N,N,Y,Y
MTC_82729301,B,Y,Y,Y,N,N,N,N,N
MUD_83003701,A,N,Y,Y,Y,Y,N,N,N
MVP_83292301,B,N,Y,Y,N,Y,N,N,N
M_82869601,A,Y,Y,Y,Y,N,Y,Y,Y
NATION_83279801,A,Y,N,Y,Y,N,N,N,Y
NCAP_82882201,A,Y,Y,Y,N,N,N,N,Y
NCH_83150201,A,Y,Y,Y,N,Y,N,N,Y
NCL_82806201,A,Y,Y,Y,Y,Y,N,N,Y
NCL_83072401,A,Y,Y,Y,Y,Y,N,N,Y
NC_83031601,A,Y,Y,Y,Y,N,N,N,N
NDR_82839201,A,N,Y,Y,Y,Y,N,N,N
NEP_82589901,A,Y,Y,Y,Y,Y,Y,N,Y
NEP_83239101,A,Y,Y,Y,Y,Y,N,N,Y
NER_83037801,A,Y,Y,N,Y,Y,Y,N,N
NETBAY_82720501,C,N,N,N,N,N,N,N,N
NEWS_82950901,C,N,Y,N,N,N,N,N,N
NEW_83162301,A,Y,N,Y,N,Y,N,Y,N
NEX_83027601,A,Y,Y,Y,N,Y,N,Y,Y
NFC_82728201,A,Y,Y,Y,Y,N,Y,N,N
NOBLE_82943801,C,N,N,N,N,N,N,N,N
NOVA_83275701,A,Y,Y,Y,Y,Y,Y,Y,Y
NPK_82963701,A,Y,Y,Y,Y,Y,N,N,Y
NRF_83290701,A,Y,Y,Y,Y,Y,N,Y,Y
NSL_82823801,A,Y,Y,Y,Y,Y,N,Y,Y
NTSC_82956901,A,N,Y,Y,Y,Y,N,Y,Y
NTV_82805901,C,N,N,N,N,N,N,N,N
NUSA_83296901,A,Y,Y,Y,Y,Y,N,N,Y
NVD_82677601,A,Y,Y,Y,Y,Y,N,N,Y
NV_82854101,A,Y,Y,Y,N,Y,N,Y,Y
NWR_83209901,A,Y,Y,Y,N,Y,N,N,N
OCC_82770001,B,N,Y,Y,N,N,N,Y,N
OGC_83247601,A,N,Y,Y,N,Y,Y,N,N
OHTL_83245201,B,N,N,Y,N,Y,N,N,Y
ONEE_82925901,A,Y,Y,Y,N,Y,N,Y,Y
ORI_83268801,A,Y,Y,Y,N,Y,N,Y,N
OR_82766501,A,Y,Y,Y,Y,N,Y,Y,Y
OSP_82778201,A,Y,Y,Y,Y,N,N,Y,Y
PACO_82686801,A,Y,Y,Y,Y,Y,N,Y,Y
PAF_83257801,B,Y,Y,N,N,N,N,N,Y
PB_83026801,C,Y,N,N,N,N,N,N,Y
PCC_82742101,A,Y,Y,Y,N,Y,N,N,Y
PDJ_82793501,A,Y,Y,Y,N,N,N,N,Y
PERM_82699901,A,Y,Y,Y,Y,N,N,N,Y
PG_83022501,A,Y,Y,N,Y,Y,N,N,N
PHG_83061701,A,Y,Y,Y,Y,Y,N,N,Y
PHG_83294801,A,Y,Y,Y,Y,Y,N,N,Y
PHOL_82939101,A,Y,Y,Y,Y,N,Y,Y,N
PICO_8206981,A,Y,Y,Y,Y,N,N,Y,Y
PIN_83252701,A,Y,Y,Y,N,Y,N,Y,Y
PJW_83163101,C,N,Y,N,N,N,N,N,N
PK_83121001,A,Y,Y,Y,N,Y,N,N,N
PLANB_82924301,A,Y,Y,Y,N,Y,N,Y,N
PLANET_83078801,A,Y,Y,Y,N,Y,N,Y,Y
PLAT_82726101,A,N,Y,Y,Y,Y,N,N,Y
PLT_82773301,A,N,Y,Y,N,Y,Y,N,Y
PLUS_83060301,A,Y,Y,Y,N,Y,N,Y,N
PMTA_82701101,A,Y,Y,Y,N,Y,Y,Y,N
POLY_82839401,A,Y,Y,Y,Y,Y,N,Y,Y
POMPUI_83107501,A,Y,Y,Y,Y,Y,N,N,N
POPF_82986701,A,Y,Y,Y,Y,N,N,N,Y
PPM_83173601,C,N,Y,Y,N,N,N,N,N
PPPM_83285501,A,Y,Y,Y,Y,Y,N,N,Y
PQS_83137701,A,N,Y,Y,N,Y,Y,Y,Y
PR9_82874801,A,Y,Y,Y,Y,N,N,Y,Y
PRAKIT_82739301,B,N,Y,Y,N,Y,N,N,N
PRAPAT_83130601,A,N,Y,Y,N,Y,N,N,Y
PREB_82913101,C,N,Y,Y,N,N,N,N,N
PRG_83223501,C,N,Y,Y,N,N,N,N,N
PRIME_83153801,A,Y,Y,Y,Y,N,N,N,Y
PRINC_82797201,A,Y,Y,Y,Y,N,N,N,N
PRIN_82927001,C,N,N,N,N,N,N,N,N
PRI_83146601,A,Y,Y,Y,N,Y,N,Y,N
PRM_83074101,A,N,Y,Y,N,Y,N,N,Y
PROEN_82933801,A,Y,Y,Y,N,Y,N,Y,Y
PROSPECT_82997501,A,Y,Y,Y,Y,N,N,N,N
PRTR_82811801,A,N,Y,Y,N,Y,N,N,Y
PSG_83099701,A,Y,Y,Y,Y,Y,N,N,N
PSH_83122701,A,Y,Y,Y,Y,Y,N,Y,N
PSL_82634801,A,Y,Y,Y,Y,Y,N,N,Y
PSTC_83112701,B,N,Y,Y,N,N,N,N,Y
PTC_83213901,A,Y,Y,Y,N,Y,Y,Y,Y
PTECH_83135101,A,Y,Y,Y,Y,N,Y,Y,Y
PTG_82878801,A,Y,Y,Y,Y,Y,Y,Y,Y
PTL_82869401,A,Y,Y,Y,N,Y,Y,N,Y
PTTEP_82583901,A,Y,Y,Y,Y,Y,Y,Y,Y
PTTGC_82746101,A,Y,Y,Y,Y,Y,Y,N,Y
PTT_82882501,A,Y,Y,Y,Y,Y,Y,Y,Y
Q-CON_82810401,A,Y,Y,N,N,Y,N,N,Y
QH_82722501,A,Y,Y,Y,Y,Y,N,Y,N
QLT_83163301,B,N,Y,Y,N,Y,N,N,N
QTC_82898501,B,N,Y,Y,N,N,N,N,Y
RABBIT_83260801,A,Y,Y,Y,Y,Y,Y,Y,Y
RATCH_83066901,A,Y,Y,Y,Y,N,N,N,Y
RBF_83026001,A,Y,Y,Y,N,Y,N,Y,Y
RCL_83046501,A,Y,Y,N,Y,N,N,N,Y
READY_82919401,C,N,N,N,N,N,N,N,N
RICHY_83251901,A,N,Y,Y,N,Y,N,Y,N
RJH_82662301,A,Y,Y,Y,Y,N,N,N,N
ROCK_82935901,A,N,Y,Y,Y,Y,N,N,N
ROCTEC_82905701,B,N,Y,Y,N,N,N,N,Y
ROH_82638601,B,Y,Y,N,Y,N,N,N,N
RPC_83255001,C,N,Y,N,N,N,N,N,N
RPH_82640801,A,Y,Y,Y,Y,N,N,N,Y
RP_83214701,B,N,Y,Y,N,N,N,N,Y
RS_83282201,A,Y,Y,Y,Y,Y,N,Y,N
RT_83148001,A,Y,Y,Y,N,N,N,Y,N
RWI_82882401,A,Y,Y,Y,Y,Y,N,Y,N
S11_82942401,C,N,Y,N,N,N,N,N,N
SAAM_83122801,A,Y,Y,Y,N,Y,N,Y,Y
SABUY_83172701,A,N,Y,Y,Y,N,N,Y,Y
SAF_82726001,A,Y,Y,Y,N,Y,N,Y,Y
SAK_82856701,A,Y,Y,Y,N,Y,N,Y,Y
SAMART_82885001,A,Y,Y,Y,N,Y,N,N,N
SAMCO_82724101,C,N,Y,N,N,N,N,N,N
SAMTEL_82897101,A,Y,N,Y,N,Y,N,Y,Y
SAM_83174301,B,N,Y,N,N,Y,N,N,Y
SANKO_82873201,B,Y,Y,Y,N,N,N,N,N
SAPPE_82940701,A,Y,Y,Y,Y,Y,N,Y,Y
SAUCE_82979401,A,Y,Y,Y,Y,Y,Y,Y,N
SAWAD_83289401,B,N,Y,Y,N,N,N,N,Y
SAWANG_83072001,C,N,Y,N,N,Y,N,N,N
SA_82730301,A,Y,Y,Y,N,Y,N,Y,Y
SBNEXT_83169701,B,N,Y,Y,N,Y,N,N,N
SCAP_83286001,C,N,Y,Y,N,N,N,N,N
SCB_8250581,A,Y,Y,Y,Y,Y,N,Y,Y
SCB_83101401,A,Y,Y,Y,Y,Y,N,Y,Y
SCCC_82716801,A,Y,Y,Y,Y,N,Y,N,N
SCC_8254831,A,Y,Y,Y,Y,Y,Y,N,Y
SCC_82979101,C,N,N,N,N,N,N,N,N
SCGP_8253191,A,Y,Y,Y,Y,Y,Y,Y,Y
SCGP_82693201,A,Y,Y,Y,Y,Y,Y,Y,Y
SCG_82981901,A,Y,Y,Y,Y,Y,Y,Y,Y
SCI_82982801,B,N,Y,Y,N,N,N,N,Y
SCM_82680801,A,Y,Y,Y,Y,Y,N,N,Y
SCN_82918701,A,Y,Y,Y,Y,N,N,N,Y
SC_82794201,A,N,Y,Y,N,Y,N,N,Y
SDC_82840201,C,N,N,Y,N,N,N,N,Y
SE-ED_83114101,C,N,Y,Y,N,N,N,N,N
SEAFCO_82818901,A,Y,Y,Y,N,Y,N,Y,Y
SEAOIL_82812401,B,N,Y,Y,N,N,N,N,Y
SECURE_83076501,A,Y,Y,Y,Y,Y,N,Y,Y
SELIC_83135701,A,Y,Y,Y,Y,Y,N,Y,Y
SENA_83283301,A,Y,Y,Y,N,N,N,Y,Y
SENX_83144201,A,N,Y,Y,N,Y,N,Y,Y
SFLEX_83281301,A,N,Y,Y,N,N,N,Y,Y
SFT_83022101,A,Y,Y,Y,Y,Y,N,Y,Y
SGC_82950001,A,Y,Y,N,N,Y,N,N,Y
SGF_83037501,A,Y,Y,Y,N,Y,N,N,Y
SGP_82916601,B,N,Y,Y,N,N,N,N,Y
SHANG_82655201,A,N,Y,Y,N,Y,N,Y,Y
SHREIT_83219501,A,Y,Y,Y,Y,N,N,N,Y
SHR_82921201,A,Y,Y,Y,Y,Y,N,N,Y
SIAM_83286701,A,Y,Y,Y,Y,Y,N,N,N
SICT_83049701,A,Y,Y,Y,Y,N,Y,Y,Y
SIMAT_83226801,B,Y,Y,Y,N,N,N,N,N
SINGER_82954401,A,Y,Y,Y,Y,Y,N,N,N
SIRI_83120001,A,N,Y,Y,Y,Y,N,N,N
SISB_83249501,A,Y,Y,Y,Y,Y,N,Y,Y
SIS_83057101,A,Y,Y,Y,Y,N,N,Y,Y
SITHAI_82914301,A,Y,Y,Y,N,Y,Y,N,Y
SJWD_83152801,A,Y,Y,Y,Y,Y,N,N,Y
SKE_82881701,A,Y,N,Y,Y,Y,N,N,Y
SKN_82858501,A,N,Y,Y,Y,Y,Y,N,Y
SKR_82945901,A,Y,Y,Y,N,Y,N,Y,Y
SKY_83299001,A,Y,Y,Y,N,Y,N,Y,Y
SLM_83235901,A,Y,Y,Y,Y,Y,N,Y,N
SMART_83159301,A,Y,Y,Y,N,N,N,Y,N
SMD_83012601,A,Y,Y,Y,Y,Y,N,Y,Y
SMIT_82964101,C,N,Y,N,N,N,N,N,N
SMK_82777901,C,N,Y,N,N,N,N,N,Y
SMPC_82917601,A,Y,Y,Y,N,Y,Y,N,Y
SMT_82622501,A,Y,Y,Y,Y,N,N,Y,N
SM_83033301,A,Y,Y,Y,N,Y,N,N,N
SNC_83064001,A,Y,Y,Y,N,N,N,Y,N
SNNP_82745401,A,Y,Y,Y,Y,Y,N,Y,Y
SNP_83056301,A,Y,Y,Y,Y,Y,N,Y,Y
SOLAR_83273201,A,Y,Y,Y,N,N,N,Y,Y
SORKON_82722401,B,N,Y,Y,N,Y,N,N,N
SO_82868301,A,Y,Y,Y,N,Y,N,N,N
SPACK_82891101,B,Y,Y,N,Y,N,N,N,N
SPA_82866301,A,Y,Y,Y,Y,N,N,N,Y
SPCG_83063201,A,Y,N,Y,Y,Y,N,Y,Y
SPG_83138301,C,N,Y,N,N,N,N,N,N
SPRC_82646101,A,Y,Y,Y,Y,Y,Y,Y,N
SPRIME_82669601,A,Y,Y,Y,Y,N,N,N,N
SPVI_82661301,A,Y,Y,Y,N,Y,N,Y,Y
SQ_82733501,A,Y,Y,Y,Y,Y,N,N,Y
SR_82940801,A,Y,Y,Y,N,Y,N,N,Y
SSC_82787201,A,Y,Y,Y,N,Y,N,Y,Y
SSF_82752201,B,N,Y,N,N,N,Y,N,Y
SSPF_83359301,C,N,Y,N,N,N,N,N,N
SSP_82929901,A,Y,Y,Y,N,Y,N,Y,Y
SSTRT_83117001,A,Y,Y,Y,Y,N,N,Y,N
STARK_8216411,A,Y,Y,Y,Y,Y,Y,N,Y
STARK_8217211,A,Y,Y,Y,Y,Y,Y,N,Y
STA_82955201,A,Y,Y,Y,Y,N,Y,Y,N
STC_82775601,A,Y,Y,Y,N,Y,N,Y,N
STECH_83170401,A,Y,Y,Y,Y,Y,N,N,Y
STGT_82923501,A,Y,Y,Y,Y,N,Y,Y,N
STHAI_83118101,A,Y,Y,Y,N,N,Y,N,Y
STHAI_83119201,A,Y,Y,Y,N,N,Y,N,Y
STOWER_83138801,B,Y,N,Y,Y,N,N,N,N
STPI_83250001,A,Y,Y,Y,Y,N,N,N,Y
STP_83036601,A,Y,Y,Y,Y,N,N,N,Y
SUN_82787801,A,Y,Y,Y,N,Y,Y,N,N
SUPEREIF_82828201,C,N,N,Y,N,N,N,N,Y
SUPER_83124601,A,Y,Y,Y,Y,Y,N,N,Y
SUSCO_83007201,A,Y,Y,Y,N,N,Y,Y,Y
SUTHA_83160301,A,Y,Y,Y,Y,N,Y,Y,Y
SVOA_83232801,A,Y,Y,Y,Y,Y,N,N,N
SVR_82758501,B,N,Y,Y,N,Y,N,N,N
SVT_82956401,A,Y,Y,Y,Y,Y,N,Y,Y
SWC_82879801,A,Y,Y,Y,N,Y,Y,N,N
SYMC_82791601,A,N,Y,Y,Y,N,N,Y,N
SYNEX_83112901,C,N,Y,Y,N,N,N,N,N
SYNTEC_82808001,A,Y,Y,Y,Y,N,N,N,N
S_83101601,A,Y,Y,Y,N,Y,N,N,Y
TACC_82843701,A,N,Y,Y,N,Y,N,N,Y
TAE_82693501,A,Y,Y,Y,N,N,Y,Y,N
TAKUNI_83179201,B,N,Y,Y,N,Y,N,N,N
TAPAC_8213321,C,N,Y,N,N,N,N,N,Y
TASCO_82892301,C,N,N,N,N,N,N,N,N
TBN_82906601,A,Y,Y,Y,N,Y,N,N,Y
TCAP_83030001,A,Y,Y,Y,N,Y,N,Y,Y
TCCC_83235501,A,Y,Y,N,N,N,Y,N,Y
TCC_83164601,A,Y,Y,Y,Y,Y,N,Y,N
TCJ_83017001,B,N,Y,Y,N,N,Y,N,N
TCMC_82807201,A,Y,Y,Y,Y,Y,N,Y,Y
TCOAT_83195901,C,N,Y,N,N,N,N,N,N
TEAMG_83049401,A,N,Y,Y,N,Y,N,N,Y
TEAM_82881801,C,N,Y,N,N,N,N,N,Y
TEGH_82901301,A,Y,Y,Y,Y,Y,Y,Y,Y
TEKA_82804501,B,N,Y,Y,N,N,N,N,Y
TFG_82793601,A,N,Y,Y,N,N,Y,N,Y
TFI_82919901,A,Y,Y,Y,N,Y,N,N,Y
TFM_82604801,A,Y,Y,Y,Y,Y,Y,Y,N
TGE_83003601,A,Y,Y,Y,N,N,Y,N,N
TGH_83128001,B,N,Y,Y,N,N,N,N,Y
TGPRO_83266301,B,N,Y,N,N,Y,N,N,Y
THAI_82944901,A,Y,Y,Y,N,Y,N,Y,Y
THANA_82681301,A,Y,Y,Y,N,N,N,Y,N
THANI_82755201,A,Y,Y,Y,N,N,N,Y,N
THCOM_82719201,A,Y,Y,Y,Y,N,N,N,Y
THCOM_82739801,A,Y,Y,Y,Y,N,N,N,Y
THE_83197001,A,Y,Y,Y,N,N,Y,N,N
THG_83097701,A,Y,Y,Y,N,Y,N,Y,Y
THIP_83056201,C,N,N,N,N,N,N,N,N
THL_83273301,B,N,Y,Y,N,Y,N,N,N
THREL_82670801,A,Y,Y,Y,N,N,N,Y,N
THRE_82841901,A,Y,Y,Y,Y,N,N,Y,N
TH_83276301,C,N,Y,N,N,Y,N,N,N
TIDLOR_82892801,A,Y,Y,Y,N,Y,N,Y,Y
TIGER_82926201,A,Y,Y,Y,Y,Y,N,N,N
TIPCO_83096001,A,Y,Y,Y,Y,Y,N,Y,Y
TISCO_8242151,A,Y,Y,Y,Y,Y,N,Y,Y
TISCO_83228101,A,Y,Y,Y,Y,Y,N,Y,Y
TITLE_82676901,A,N,Y,Y,Y,Y,N,N,N
TKC_83131901,A,Y,Y,Y,Y,Y,N,N,N
TKN_82958301,A,Y,Y,Y,Y,Y,N,Y,N
TKS_83046201,A,Y,Y,Y,Y,Y,N,Y,Y
TK_82675601,C,N,Y,N,N,Y,N,N,N
TLI_83065001,A,Y,Y,Y,Y,Y,N,Y,Y
TMC_82819201,C,N,Y,N,N,Y,N,N,N
TMD_83004501,A,Y,Y,Y,N,N,N,Y,N
TMILL_83244801,A,Y,Y,N,Y,N,N,N,Y
TMI_83145601,B,N,Y,Y,N,N,N,N,Y
TMT_83028001,A,N,Y,Y,Y,Y,Y,N,Y
TMW_8199921,B,N,Y,Y,N,Y,N,N,N
TMW_82972301,B,Y,Y,Y,N,N,N,N,N
TNITY_82801701,A,Y,Y,Y,Y,N,N,Y,N
TNL_83099201,A,Y,Y,Y,Y,Y,N,Y,Y
TNPC_83217501,C,N,N,N,N,N,N,N,N
TNPF_83019701,B,N,Y,Y,Y,N,N,N,N
TNP_82663801,A,Y,Y,Y,Y,Y,N,Y,N
TNR_82729601,A,Y,Y,Y,N,N,N,Y,N
TOA_83249901,A,Y,Y,Y,N,Y,Y,Y,Y
TOG_82777201,A,Y,Y,Y,Y,N,N,N,Y
TOP_82744501,A,Y,Y,Y,Y,N,Y,Y,Y
TPAC_83115401,A,Y,Y,Y,Y,N,N,Y,N
TPA_83053001,B,N,Y,Y,N,N,N,N,Y
TPBI_82641301,B,N,Y,Y,N,N,N,N,Y
TPCH_82687601,A,Y,Y,Y,Y,Y,N,N,Y
TPCS_83229901,A,Y,Y,Y,N,N,N,Y,Y
TPLAS_82873801,A,Y,Y,Y,N,N,Y,Y,Y
TPL_8227801,A,Y,Y,Y,Y,Y,Y,Y,Y
TPL_8227811,A,Y,N,Y,Y,Y,N,Y,Y
TPL_82842901,A,Y,N,Y,Y,Y,N,Y,Y
TPOLY_82952101,A,Y,Y,Y,N,Y,N,N,Y
TPP_83238501,C,N,Y,Y,N,N,N,N,N
TPS_82931601,A,Y,Y,Y,N,Y,N,Y,Y
TQM_83151701,A,Y,Y,Y,N,N,N,Y,N
TQR_82770201,A,N,Y,Y,N,Y,N,N,Y
TRC_83153701,A,Y,Y,Y,Y,Y,N,N,Y
TRITN_83301001,A,Y,Y,Y,N,N,N,Y,N
TRITN_83371601,A,Y,Y,Y,N,N,N,Y,N
TRT_83233201,B,Y,Y,N,Y,N,N,N,N
TRUE_8257261,A,N,Y,Y,N,Y,N,N,Y
TRU_83018701,C,N,Y,Y,N,N,N,N,N
TRV_83035301,A,Y,Y,Y,Y,Y,N,Y,Y
TSC_82718701,C,Y,N,N,Y,N,N,N,N
TSI_82893901,B,Y,N,Y,Y,N,N,N,N
TSTE_83185901,B,Y,Y,Y,N,N,N,N,N
TSTH_8247101,A,Y,Y,Y,N,N,Y,N,N
TTA_82906201,A,Y,Y,Y,N,Y,Y,Y,Y
TTCL_83278801,A,Y,Y,Y,Y,Y,N,Y,Y
TTI_83029201,C,N,Y,Y,N,N,N,N,N
TTLPF_83393401,B,Y,Y,Y,N,N,N,N,N
TTW_82848101,B,N,Y,Y,Y,N,N,N,N
TURTLE_82751101,A,Y,Y,Y,N,Y,N,N,Y
TU_82650001,A,Y,Y,Y,Y,Y,Y,Y,Y
TVDH_83127201,C,N,Y,N,N,Y,N,N,N
TVH_83150101,A,Y,Y,Y,Y,Y,N,N,Y
TVO_83077801,A,Y,Y,Y,N,Y,Y,Y,Y
TVT_83291201,B,Y,Y,N,N,N,N,N,Y
TWPC_82708301,A,Y,Y,Y,Y,Y,Y,N,Y
TWP_83021601,A,Y,Y,Y,N,N,Y,N,Y
TWZ_83146701,A,Y,Y,Y,N,Y,N,Y,N
TYCN_82962701,A,Y,Y,Y,N,N,N,Y,Y
UAC_82963801,A,Y,Y,Y,Y,N,N,N,Y
UBE_83274101,A,Y,Y,Y,Y,Y,Y,N,Y
UBIS_82798901,A,Y,Y,Y,Y,Y,N,Y,Y
UEC_82796501,A,Y,Y,Y,N,N,N,N,Y
UKEM_83136101,A,N,Y,Y,Y,N,Y,N,N
UMI_82691301,B,N,Y,N,N,Y,Y,N,N
UMS_82714401,B,N,Y,Y,N,Y,N,N,N
UOBKH_83455301,B,N,Y,Y,N,N,N,N,Y
UREKA_83159801,A,Y,Y,Y,N,Y,N,Y,Y
UTP_82756801,A,N,Y,Y,N,Y,Y,Y,N
UVAN_82984101,A,N,Y,Y,N,N,N,Y,Y
UV_82849701,A,Y,Y,Y,Y,Y,N,Y,Y
VARO_83052901,A,Y,Y,Y,N,N,N,N,Y
VCOM_82964601,A,N,Y,Y,N,Y,N,N,Y
VGI_83245801,A,Y,Y,Y,Y,Y,N,Y,Y
VIBHA_83275801,A,Y,Y,Y,N,Y,N,Y,Y
VNG_82673301,A,Y,Y,Y,Y,N,Y,N,Y
VPO_82767001,A,Y,Y,Y,Y,Y,Y,N,N
VRANDA_83089101,A,N,Y,Y,N,Y,Y,N,Y
WACOAL_82828901,C,N,Y,N,N,N,N,N,N
WARRIX_82976001,A,Y,Y,Y,Y,Y,N,Y,Y
WAVE_82802501,A,Y,Y,Y,N,Y,N,N,N
WELL_83244501,A,Y,Y,Y,Y,N,N,N,N
WGE_82842801,A,N,Y,Y,Y,N,N,Y,Y
WHAIR_82744601,B,N,Y,Y,Y,N,N,N,N
WHART_82791301,A,N,Y,Y,Y,N,N,Y,Y
WHAUP_82898801,A,Y,Y,Y,Y,Y,Y,Y,Y
WHA_82895401,A,Y,Y,Y,N,Y,N,Y,Y
WICE_83152401,A,Y,Y,Y,Y,Y,N,Y,N
WINMED_83003401,C,N,N,N,N,N,N,N,N
WINNER_82889201,A,Y,Y,Y,Y,Y,N,Y,Y
WIN_83036001,B,N,Y,Y,N,N,N,Y,N
WORLD_83152901,A,Y,Y,Y,N,N,N,Y,Y
WORLD_83179901,A,Y,Y,Y,N,N,N,Y,Y
WORLD_83181601,A,Y,Y,Y,N,N,N,Y,Y
WORLD_83289301,A,Y,Y,Y,N,N,N,Y,Y
WORLD_83290301,A,Y,Y,Y,N,N,N,Y,Y
WPH_82799801,A,Y,Y,Y,Y,Y,N,Y,Y
WP_82855001,B,N,Y,Y,N,Y,N,N,N
W_83119901,A,Y,Y,Y,Y,N,N,N,Y
XPG_82833701,B,N,Y,Y,N,N,N,N,Y
YGG_82961801,A,Y,Y,Y,N,Y,N,N,Y
YONG_82783201,A,Y,N,Y,Y,Y,N,Y,Y
ZAA_82679501,B,N,Y,Y,N,N,N,N,Y
ZEN_82992501,A,Y,Y,Y,Y,Y,N,Y,Y
ZIGA_83038001,A,Y,Y,Y,Y,N,N,N,N
24CS_84411601,A,N,Y,Y,N,N,N,Y,Y
2S_84391201,A,Y,Y,N,N,N,Y,N,Y
3BBIF_84274301,B,N,N,Y,Y,N,N,Y,N
3K-BAT_84640501,C,N,Y,N,N,N,N,N,Y
A5_84723501,A,N,Y,Y,N,Y,N,Y,Y
AAI_84336701,A,Y,Y,Y,Y,Y,N,N,N
AAV_84649801,A,Y,Y,Y,N,Y,N,Y,N
ABM_84852301,A,Y,Y,Y,Y,Y,Y,N,N
ACAP_84619101,C,N,Y,N,N,N,N,N,Y
ACC_84868301,A,Y,Y,Y,N,Y,N,N,Y
ACE_84835801,A,Y,Y,Y,N,Y,N,Y,Y
ACG_84359301,A,Y,Y,Y,Y,Y,N,Y,Y
ADD_84386201,A,Y,Y,Y,N,Y,N,N,Y
ADVANC_84154101,A,Y,Y,Y,Y,Y,N,Y,Y
AEONTS_83929001,A,Y,Y,Y,N,Y,N,Y,N
AE_84642701,A,Y,Y,Y,Y,Y,N,N,Y
AFC_84302301,C,N,N,N,N,N,N,N,N
AGE_84527201,A,Y,Y,Y,Y,Y,Y,Y,Y
AHC_84682501,C,N,N,N,N,N,N,N,N
AH_84619901,A,Y,Y,Y,N,N,N,Y,N
AIE_84749501,A,Y,Y,Y,Y,Y,Y,N,Y
AIMIRT_84844001,B,N,Y,Y,Y,N,N,N,N
AIT_84278901,A,Y,Y,Y,Y,Y,N,N,N
AI_84751001,B,Y,Y,N,N,N,N,N,Y
AJA_84544201,A,Y,Y,Y,Y,Y,N,N,Y
AKP_84565701,B,N,Y,Y,N,Y,N,N,N
AKR_84709001,A,Y,Y,Y,N,Y,N,N,N
AKS_84877601,C,N,Y,Y,N,N,N,N,N
ALLA_84433401,A,Y,N,Y,Y,Y,N,Y,Y
ALLY_84718101,A,Y,Y,Y,Y,Y,N,Y,Y
ALPHAX_84678801,A,Y,Y,Y,Y,Y,Y,N,Y
ALT_84387501,C,Y,N,Y,N,N,N,N,N
AMANAH_84321501,A,Y,Y,Y,Y,Y,N,Y,Y
AMARIN_84283101,A,Y,Y,Y,N,Y,N,N,N
AMATAV_84412201,A,Y,Y,Y,N,Y,N,Y,Y
AMATA_84838101,A,N,Y,Y,N,Y,Y,Y,Y
AMA_84515101,A,Y,Y,Y,Y,N,N,Y,Y
AMC_84429301,A,Y,Y,Y,Y,Y,Y,N,N
AMR_84545701,A,Y,Y,Y,N,Y,N,N,N
ANAN_84639601,A,N,Y,Y,N,N,N,Y,Y
APCO_84546601,A,N,Y,Y,N,Y,N,N,Y
APP_84234901,A,Y,Y,Y,Y,Y,N,Y,N
APURE_84825101,C,N,Y,N,N,N,N,N,Y
AQUA_84726801,A,Y,Y,Y,Y,N,N,Y,Y
ARIN_84702301,A,Y,Y,Y,N,Y,N,N,Y
ARROW_84380401,A,Y,Y,Y,N,Y,Y,Y,N
ASAP_84574101,A,Y,Y,Y,Y,Y,N,N,Y
ASIAN_84339701,C,N,N,N,N,N,N,N,N
ASIA_84799801,A,N,Y,Y,N,Y,N,Y,N
ASIMAR_84739801,A,Y,Y,Y,Y,Y,N,N,N
ASK_84414701,B,Y,Y,Y,N,N,N,N,N
ASW_84427401,B,N,Y,N,N,Y,N,N,Y
ATP30_84553701,A,Y,Y,Y,Y,Y,N,Y,N
AUCT_84532201,A,Y,Y,Y,Y,N,N,Y,N
AURA_84865101,A,Y,Y,Y,N,N,Y,Y,N
AU_84491201,A,Y,Y,Y,N,Y,N,Y,Y
AWC_84297701,A,Y,Y,Y,Y,Y,N,Y,N
AYUD_84817801,B,N,Y,Y,Y,N,N,N,N
B-WORK_84826401,A,Y,Y,Y,Y,N,N,N,Y
B52_84765201,C,N,Y,Y,N,N,N,N,N
BAFS_84381701,A,Y,Y,Y,Y,Y,N,Y,Y
BAM_84535701,A,Y,Y,Y,Y,Y,N,Y,Y
BANPU_84551601,A,Y,Y,Y,Y,Y,Y,N,N
BAREIT_84111301,A,Y,Y,Y,Y,N,N,N,N
BAY_84049001,A,Y,Y,Y,Y,Y,N,Y,N
BAY_84369401,A,Y,Y,Y,Y,Y,N,Y,N
BA_84607601,A,Y,Y,Y,Y,N,N,Y,N
BBGI_84243201,A,Y,Y,Y,Y,Y,Y,Y,Y
BBIK_84537901,A,Y,Y,Y,N,Y,N,Y,Y
BCH_84353801,A,Y,Y,Y,Y,Y,N,Y,Y
BCPG_84272601,A,Y,Y,Y,Y,Y,N,Y,Y
BCP_84306401,A,Y,Y,Y,Y,Y,Y,Y,Y
BC_84322401,A,Y,Y,Y,N,N,N,Y,Y
BDMS_84657301,A,Y,Y,Y,Y,Y,N,Y,Y
BE8_84429901,A,N,Y,Y,N,Y,N,N,Y
BEAUTY_84589501,A,Y,Y,Y,N,Y,N,N,N
BEC_84379801,A,Y,Y,Y,Y,N,N,Y,N
BEM_84651501,A,Y,Y,Y,Y,N,N,Y,Y
BEYOND_84270901,A,Y,Y,Y,Y,Y,N,Y,N
BGC_84846901,A,Y,Y,Y,Y,Y,Y,Y,Y
BGRIM_84574201,A,Y,Y,Y,Y,N,Y,Y,Y
BH_84355901,A,Y,Y,Y,Y,Y,N,Y,N
BIG_84774101,A,Y,Y,Y,Y,N,N,N,N
BIOTEC_84551701,A,Y,Y,Y,N,Y,N,Y,Y
BIS_84558401,A,Y,Y,Y,Y,Y,N,Y,N
BIZ_84682801,A,Y,Y,Y,Y,Y,N,Y,N
BJCHI_84792601,A,Y,Y,Y,Y,N,N,N,Y
BJC_84338701,A,Y,Y,Y,Y,Y,Y,Y,Y
BKD_84376701,C,N,Y,N,N,N,N,N,Y
BLA_84347301,A,Y,Y,Y,N,Y,N,Y,N
BLC_84707701,A,Y,Y,Y,Y,Y,N,Y,Y
BLESS_84454701,C,N,N,N,N,N,N,N,N
BLISS_84428101,A,Y,Y,Y,N,N,N,Y,N
BM_84791901,A,N,Y,Y,Y,N,N,Y,N
BOFFICE_84232801,C,N,Y,Y,N,N,N,N,N
BOFFICE_84240101,C,N,Y,Y,N,N,N,N,N
BPP_84562001,A,Y,Y,Y,N,Y,Y,Y,N
BRI_84763901,A,Y,Y,N,N,Y,N,N,Y
BROCK_84449501,B,Y,Y,Y,N,N,N,N,N
BROOK_83539301,A,Y,Y,Y,Y,N,N,N,Y
BROOK_84511901,B,Y,Y,Y,N,N,N,N,N
BRRGIF_84298401,C,N,Y,N,N,N,N,N,N
BSM_84454301,B,N,Y,Y,N,Y,N,N,N
BSRC_84247701,A,Y,Y,N,Y,N,Y,N,Y
BSRC_84402501,A,Y,Y,N,Y,N,Y,N,Y
BTG_84811101,A,Y,Y,Y,N,N,Y,Y,Y
BTSGIF_84656901,A,Y,Y,N,Y,N,N,N,Y
BUI_84295901,B,Y,Y,Y,N,N,N,N,N
BVG_84572601,A,Y,Y,Y,Y,Y,N,Y,Y
BWG_84586401,A,N,Y,Y,N,Y,N,N,Y
BWG_84590601,B,N,Y,Y,N,N,N,N,Y
BYD_84846001,A,Y,Y,Y,Y,N,N,N,N
B_84860301,A,Y,Y,Y,N,Y,N,Y,N
CAZ_84590901,A,Y,Y,Y,N,Y,N,N,N
CBG_84559001,A,Y,Y,Y,Y,Y,Y,N,Y
CCET_84782601,B,N,Y,Y,N,Y,N,N,N
CCP_84680801,A,Y,Y,N,Y,N,Y,N,N
CENTEL_84473201,A,Y,Y,Y,Y,Y,Y,Y,N
CEN_84820801,A,Y,Y,Y,Y,Y,N,N,N
CEYE_84703701,A,Y,Y,Y,Y,Y,N,Y,Y
CGD_84572001,A,Y,Y,Y,N,Y,N,Y,Y
CHASE_84607801,A,Y,Y,Y,Y,Y,N,Y,Y
CHAYO_84588901,A,Y,Y,Y,N,Y,N,Y,Y
CHEWA_84699201,A,Y,Y,Y,Y,Y,N,N,N
CHG_84869301,A,Y,Y,Y,Y,Y,N,Y,Y
CHIC_84652201,B,N,Y,N,N,Y,N,N,Y
CHOTI_84719501,A,Y,Y,Y,Y,N,N,Y,Y
CHOW_84880501,A,Y,Y,Y,Y,N,N,N,Y
CHO_84818001,A,Y,Y,Y,N,Y,N,N,N
CH_84525401,A,Y,Y,Y,Y,Y,N,Y,N
CIG_84837501,A,Y,Y,Y,Y,Y,N,N,Y
CITY_83804801,C,N,Y,N,Y,N,N,N,N
CIVIL_84686901,A,Y,Y,Y,Y,Y,N,Y,Y
CI_84618201,B,N,Y,Y,N,N,N,N,Y
CKP_84373801,A,Y,Y,Y,Y,N,N,Y,Y
CK_84758101,A,N,Y,Y,N,Y,N,N,Y
CMAN_84865201,A,Y,Y,N,Y,Y,N,N,Y
CMAN_84896901,A,Y,Y,N,Y,Y,N,N,Y
CMC_84729901,B,Y,Y,Y,N,N,N,N,N
CMO_84730701,A,Y,Y,Y,N,N,N,N,Y
CMR_84755201,B,N,Y,Y,N,Y,N,N,N
CM_84357201,A,Y,Y,Y,Y,N,N,Y,Y
COLOR_84622701,A,Y,Y,Y,Y,Y,N,Y,Y
COM7_84562201,A,Y,Y,Y,N,Y,N,N,Y
COMAN_84522301,A,Y,Y,Y,Y,Y,N,Y,N
COTTO_84109501,B,N,Y,Y,N,Y,N,N,N
COTTO_84251601,B,N,Y,Y,N,Y,N,N,N
CPALL_84498601,A,Y,Y,Y,Y,Y,N,Y,Y
CPALL_84585301,A,Y,Y,Y,Y,Y,N,Y,Y
CPANEL_84241501,A,Y,Y,Y,N,Y,N,N,Y
CPAXT_84322601,A,N,Y,Y,N,Y,N,Y,Y
CPF_84646701,C,Y,Y,N,N,N,N,N,N
CPI_84376201,A,Y,Y,Y,N,Y,Y,N,Y
CPL_84586101,A,Y,Y,Y,Y,Y,N,N,N
CPNREIT_84839501,C,N,N,N,N,N,N,N,N
CPN_84585601,A,Y,Y,Y,Y,Y,N,Y,N
CPR_84478301,C,Y,Y,N,N,N,N,N,N
CPTGF_84951901,A,Y,N,Y,N,Y,N,N,Y
CPT_84412401,A,N,Y,Y,Y,Y,N,N,N
CPT_84602401,B,N,Y,Y,N,Y,N,N,N
CPW_84432601,A,Y,Y,Y,N,Y,N,Y,Y
CRANE_84406101,B,N,Y,Y,N,N,N,N,Y
CRC_84692901,C,N,N,N,N,N,N,N,N
CSC_84246601,C,N,Y,N,N,N,N,N,Y
CSP_84753101,A,N,Y,Y,N,Y,Y,N,Y
CSR_84162801,C,N,N,N,N,N,N,N,N
CTW_84781401,C,N,Y,N,N,N,N,N,N
CV_84532401,A,Y,Y,Y,N,Y,N,N,N
CWT_84860001,B,N,Y,Y,Y,N,N,N,N
DCON_84847201,C,N,Y,Y,N,N,N,N,N
DELTA_84126101,A,Y,Y,Y,Y,Y,N,N,N
DELTA_84172501,A,Y,Y,Y,Y,Y,N,N,N
DEMCO_84758601,A,Y,Y,Y,N,N,N,N,Y
DEXON_84715001,A,Y,Y,Y,N,Y,N,Y,Y
DHOUSE_84769001,A,Y,Y,Y,N,N,N,N,Y
DHOUSE_84890501,A,Y,Y,Y,N,N,N,N,Y
DIMET_84836401,A,Y,Y,Y,Y,Y,N,N,Y
DITTO_84681101,A,Y,Y,Y,N,Y,N,Y,Y
DMT_84368901,A,Y,Y,Y,Y,Y,N,Y,Y
DOD_84352001,A,Y,Y,Y,N,Y,N,N,Y
DOHOME_84286701,A,Y,Y,Y,Y,Y,N,Y,Y
DPAINT_84783901,A,Y,Y,Y,Y,Y,N,Y,Y
DREIT_84490701,A,Y,Y,Y,Y,N,N,N,N
DRT_84296701,A,Y,Y,Y,Y,Y,Y,Y,N
DTCENT_84566401,A,Y,N,Y,N,Y,N,Y,Y
DUSIT_84720001,A,Y,Y,Y,Y,N,N,N,Y
D_84383701,A,N,Y,Y,N,Y,N,N,Y
EASON_84661101,C,N,Y,Y,N,N,N,N,N
EASTW_84426701,A,Y,N,Y,Y,Y,N,Y,Y
EA_84559101,A,Y,Y,Y,Y,Y,Y,Y,Y
ECF_84805501,A,Y,Y,Y,Y,N,N,N,Y
EE_84556701,A,Y,Y,Y,Y,Y,N,N,N
EFORL_84523001,A,Y,Y,Y,N,Y,N,Y,Y
EGATIF_84958401,C,N,N,Y,N,N,N,N,N
EGCO_84833701,A,Y,Y,Y,N,Y,Y,Y,Y
EKH_84872301,A,Y,Y,Y,N,N,N,N,Y
EPG_84537201,C,N,Y,N,N,N,N,N,N
EP_84735001,A,Y,Y,Y,N,N,N,Y,Y
ERW_84764001,A,Y,Y,Y,Y,Y,N,N,Y
ERW_84890101,A,Y,Y,Y,Y,Y,N,N,Y
ESTAR_84831201,B,Y,Y,N,N,N,N,N,Y
ETC_84416101,A,N,Y,Y,N,Y,N,N,Y
ETE_84434901,A,Y,Y,Y,N,Y,N,N,Y
ETL_84160401,A,Y,Y,Y,Y,Y,N,N,Y
ETL_84161001,A,Y,Y,Y,N,Y,N,N,Y
ETL_84583901,A,Y,Y,Y,N,Y,N,Y,Y
EVER_84544801,A,Y,Y,Y,Y,Y,N,Y,Y
FANCY_84385401,A,Y,Y,Y,N,Y,N,N,Y
FE_84661801,A,Y,Y,Y,N,N,N,N,Y
FNS_84876801,C,N,Y,Y,N,N,N,N,N
FN_84556901,A,N,Y,Y,N,Y,N,N,Y
FORTH_84883601,A,Y,Y,Y,Y,Y,Y,Y,Y
FPI_84826601,B,N,Y,Y,N,N,N,N,Y
FPT_84450401,A,Y,Y,N,N,Y,N,N,Y
FSMART_84734801,A,Y,Y,Y,Y,Y,N,Y,N
FTE_84848001,B,N,Y,Y,N,Y,N,N,N
FTI_84627101,B,N,Y,Y,N,Y,N,N,N
FUTUREPF_84695001,A,Y,Y,Y,Y,Y,N,Y,Y
FVC_84859901,A,Y,Y,Y,Y,Y,N,N,Y
GABLE_84787901,B,N,Y,Y,N,Y,N,N,N
GC_84304801,B,Y,Y,N,Y,N,N,N,N
GEL_84836001,B,Y,Y,Y,N,N,N,N,N
GENCO_84558601,A,Y,Y,Y,Y,Y,N,N,N
GFC_83649401,A,Y,Y,Y,Y,Y,N,Y,Y
GFC_83650001,A,Y,Y,Y,N,Y,N,N,Y
GFC_84702001,A,Y,Y,Y,N,Y,N,N,Y
GFPT_84366401,A,Y,Y,Y,N,N,Y,Y,Y
GGC_84221101,A,Y,Y,Y,Y,N,Y,Y,Y
GIFT_84819001,A,Y,Y,Y,N,Y,N,Y,Y
GJS_84316201,A,Y,Y,Y,N,Y,Y,N,Y
GLAND_84364301,A,Y,Y,Y,Y,Y,N,Y,N
GLOBAL_84148101,A,Y,Y,Y,N,Y,N,Y,N
GLOCON_84878701,C,N,Y,Y,N,N,N,N,N
GLOCON_84887501,C,N,Y,Y,N,N,N,N,N
GLOCON_84891301,C,N,Y,Y,N,N,N,N,N
GLORY_84374501,A,Y,Y,Y,N,Y,N,Y,Y
GPI_84872701,A,Y,Y,Y,Y,N,N,Y,Y
GPSC_84252501,A,Y,Y,Y,Y,Y,Y,Y,Y
GRAMMY_84877801,B,Y,Y,Y,N,N,N,N,N
GREEN_84409701,A,Y,Y,Y,N,N,N,N,Y
GSC_84557301,A,Y,Y,Y,N,N,N,Y,Y
GSTEEL_84400101,A,Y,Y,Y,Y,Y,Y,N,N
GTB_84660901,C,N,Y,Y,N,N,N,N,N
GTV_84574701,A,Y,Y,Y,Y,Y,N,Y,N
GULF_84422801,A,Y,Y,Y,Y,Y,Y,Y,Y
GUNKUL_84329001,A,Y,Y,Y,Y,N,N,N,Y
GVREIT_85068401,B,Y,Y,Y,N,N,N,N,N
GYT_84396401,C,N,N,N,N,N,N,N,Y
HANA_84665901,C,N,Y,N,N,N,N,N,N
HARN_84673201,B,N,Y,Y,N,Y,N,N,N
HEALTH_84435101,A,Y,Y,Y,Y,Y,N,N,Y
HENG_84348801,A,Y,Y,Y,N,N,N,Y,Y
HL_84581501,A,Y,Y,Y,Y,Y,N,Y,Y
HMPRO_84155401,A,Y,Y,Y,Y,N,N,N,N
HPF_84521201,C,N,Y,N,N,N,N,N,Y
HPT_84575301,A,N,Y,Y,Y,Y,N,N,N
HTECH_84797201,B,Y,Y,N,Y,N,N,N,N
HUMAN_84853601,A,Y,Y,Y,N,N,N,Y,N
HUMAN_84941801,A,Y,Y,Y,N,N,N,Y,N
HYDRO_84857101,A,Y,Y,Y,N,N,N,N,Y
I2_84444301,A,Y,Y,Y,Y,Y,N,N,N
ICHI_84333901,B,N,Y,Y,N,Y,N,N,N
IFEC_84882601,C,N,N,N,N,N,N,N,N
IFEC_84969201,C,N,N,N,N,N,N,N,N
IHL_84855701,A,Y,Y,Y,Y,N,N,Y,Y
IIG_84708701,A,Y,Y,Y,N,Y,N,N,Y
III_84311501,A,Y,Y,Y,N,Y,N,N,Y
ILINK_84853501,C,N,Y,Y,N,N,N,N,N
ILM_84447601,A,Y,Y,Y,Y,Y,N,N,N
IND_84409201,A,Y,Y,Y,N,Y,N,Y,N
INET_84561401,A,Y,Y,Y,Y,Y,N,Y,Y
INGRS_83684101,B,N,Y,Y,N,N,N,N,Y
INSET_84274201,A,N,Y,Y,N,Y,N,N,Y
INSURE_84452801,B,Y,Y,Y,N,N,N,N,N
INTUCH_84164901,A,Y,Y,Y,Y,Y,N,Y,Y
IP_84681601,A,N,Y,Y,N,Y,N,N,Y
IRCP_84828601,B,N,Y,Y,N,Y,N,N,N
IRC_85042701,A,Y,Y,Y,Y,Y,N,Y,N
IRPC_84319001,A,Y,Y,Y,Y,Y,Y,Y,Y
ITC_84142601,A,Y,Y,Y,Y,N,Y,Y,Y
ITD_84855101,C,N,Y,N,N,N,N,N,N
ITEL_84292201,A,Y,Y,Y,N,N,N,Y,N
ITNS_84270201,A,Y,Y,Y,N,Y,N,N,Y
ITTHI_84691101,A,Y,Y,Y,Y,Y,N,N,Y
IT_84309001,C,N,Y,N,N,N,N,N,N
IVL_84758401,A,Y,Y,Y,Y,Y,N,Y,N
JAK_84436601,A,Y,Y,Y,N,Y,N,Y,Y
JAS_83536101,A,Y,Y,Y,Y,Y,N,Y,N
JAS_84314301,A,Y,Y,Y,N,N,N,Y,N
JCT_84749901,A,Y,Y,Y,N,Y,N,N,Y
JKN_84884301,A,Y,Y,Y,Y,Y,N,Y,Y
JMART_84445601,A,Y,Y,Y,N,N,N,Y,Y
JMT_84448301,A,Y,Y,Y,Y,Y,N,N,N
JMT_84455701,A,Y,Y,Y,Y,Y,N,N,N
JPARK_83836801,A,Y,Y,Y,Y,Y,N,Y,Y
JPARK_83838801,A,Y,Y,Y,Y,Y,N,Y,Y
JPARK_84429201,A,Y,Y,Y,Y,Y,N,Y,Y
JR_84672801,A,N,Y,Y,N,Y,N,N,Y
JSP_84616001,A,Y,Y,Y,N,Y,N,Y,Y
JTS_84275101,A,Y,Y,Y,N,Y,N,N,N
JUBILE_84572701,A,Y,Y,Y,Y,Y,N,Y,Y
J_84290401,A,Y,Y,Y,N,Y,N,Y,Y
KAMART_84618401,C,N,Y,N,N,N,N,N,N
KASET_84714101,A,Y,Y,N,N,Y,N,N,Y
KBANK_84815401,C,N,Y,N,N,N,N,N,N
KBANK_84848601,A,Y,Y,Y,Y,Y,N,Y,Y
KBSPIF_84957601,C,N,N,Y,Y,N,N,N,N
KCCAMC_84310601,A,Y,Y,Y,N,Y,N,N,Y
KCE_84281801,B,Y,Y,Y,N,N,N,N,N
KCG_84636101,A,Y,Y,Y,Y,Y,Y,Y,N
KCM_84658601,C,N,N,N,N,N,N,N,N
KC_84709401,A,Y,Y,Y,N,Y,N,Y,N
KEX_84258201,A,Y,Y,Y,Y,Y,N,Y,Y
KGEN_84684901,C,Y,N,Y,N,N,N,N,N
KGI_84285501,B,N,Y,Y,N,N,N,N,Y
KIAT_84336501,A,Y,Y,Y,N,Y,N,N,N
KISS_84793301,A,Y,Y,Y,Y,Y,N,Y,Y
KJL_84474701,B,N,Y,N,N,Y,N,N,Y
KKC_84909601,B,N,Y,Y,Y,N,N,N,N
KKP_84062001,A,Y,Y,Y,Y,Y,N,Y,N
KKP_84361201,A,Y,Y,Y,Y,Y,N,Y,N
KK_84508401,B,Y,Y,Y,N,N,N,N,N
KLINIQ_84804201,A,Y,Y,Y,N,N,N,Y,N
KOOL_84868201,C,N,Y,Y,N,N,N,N,N
KPNPF_84500701,C,N,Y,N,N,N,N,N,N
KSL_83622901,C,N,N,N,N,N,N,N,N
KTBSTMR_84651001,A,N,Y,Y,Y,Y,N,N,N
KTB_84049801,A,Y,Y,Y,Y,Y,N,Y,Y
KTB_84807001,A,Y,Y,Y,Y,Y,N,Y,Y
KTC_84042801,A,Y,Y,Y,Y,Y,N,Y,Y
KTC_84318901,A,Y,Y,Y,Y,Y,N,Y,Y
KTMS_84541701,A,Y,Y,Y,N,Y,N,N,Y
KUN_84390701,A,Y,Y,Y,N,Y,N,N,Y
KWI_84830301,A,Y,Y,Y,N,N,N,N,Y
KWM_84681301,C,N,N,N,N,N,N,N,N
K_84571401,B,Y,Y,N,N,Y,N,N,N
LALIN_84705301,C,N,Y,N,N,N,N,N,Y
LANNA_84661301,A,Y,Y,Y,Y,Y,Y,Y,N
LDC_84442901,A,Y,Y,Y,Y,Y,N,N,N
LEE_84500801,C,N,N,N,N,N,N,N,N
LHFG_84046701,A,Y,Y,Y,Y,Y,N,Y,N
LHFG_84678501,A,Y,Y,Y,Y,Y,N,Y,N
LHK_84625101,A,Y,Y,Y,Y,N,Y,N,Y
LH_84429401,A,Y,Y,Y,Y,Y,N,N,N
LOXLEY_84538701,A,Y,Y,Y,Y,Y,N,Y,N
LPF_84040801,C,N,N,Y,Y,N,N,N,N
LPH_84797601,A,Y,Y,Y,N,Y,N,Y,Y
LPN_84204601,A,Y,Y,Y,N,Y,N,Y,Y
LRH_84795601,A,N,Y,Y,N,Y,Y,N,Y
M-CHAI_84875601,A,Y,Y,Y,N,N,N,Y,Y
M-II_84605101,C,N,Y,N,N,N,N,N,Y
M-PAT_84746701,C,N,Y,N,N,N,N,N,Y
M-STOR_84441201,C,N,Y,N,N,N,N,N,Y
MAJOR_84545101,A,Y,Y,Y,N,Y,N,N,Y
MALEE_84722401,A,Y,Y,Y,N,Y,N,N,Y
MASTER_84861901,A,Y,Y,Y,N,Y,N,Y,Y
MATCH_84330001,B,Y,Y,Y,N,N,N,N,N
MATI_84794401,C,N,Y,Y,N,N,N,N,N
MAX_83833301,C,N,Y,N,N,N,N,N,N
MAX_83905601,A,Y,N,Y,N,Y,N,N,Y
MAX_83910501,A,Y,N,Y,N,Y,N,N,Y
MAX_83910601,A,Y,N,Y,Y,Y,N,N,Y
MAX_83910701,A,Y,N,Y,Y,Y,N,N,Y
MAX_84152601,A,Y,N,Y,N,Y,N,N,Y
MAX_84153401,A,Y,N,Y,N,Y,N,N,Y
MAX_84833001,A,Y,N,Y,N,Y,N,N,Y
MBAX_84450001,C,N,N,N,N,N,N,N,N
MBK_84748501,A,Y,Y,Y,Y,Y,Y,Y,N
MCOT_84387901,A,N,Y,Y,Y,N,N,N,Y
MCS_84582701,C,N,Y,N,N,N,N,N,N
MC_84418101,A,Y,N,Y,Y,N,N,Y,N
MEB_84351501,A,N,Y,Y,N,N,N,Y,Y
MEGA_84644101,A,Y,Y,Y,Y,Y,N,Y,Y
MENA_84455301,A,Y,Y,Y,N,Y,N,N,Y
META_84706201,A,Y,Y,Y,Y,Y,N,N,Y
MFEC_84371901,A,Y,Y,Y,Y,Y,N,Y,Y
MGC_84517301,A,N,Y,Y,Y,N,N,Y,Y
MICRO_84599701,A,Y,Y,Y,Y,N,N,N,Y
MIDA_84858701,A,Y,Y,Y,N,N,N,Y,N
MILL_84871801,A,Y,Y,Y,Y,N,N,N,Y
MINT_84372101,A,Y,Y,Y,N,Y,N,N,Y
MIPF_84665001,B,N,Y,Y,Y,N,N,N,N
MITSIB_84442201,A,N,Y,Y,N,Y,N,N,Y
MIT_84801701,C,Y,Y,N,N,N,N,N,N
MJD_84833101,C,N,N,N,N,N,N,N,N
MJLF_84370401,C,N,Y,N,N,N,N,N,N
MK_84725001,A,Y,Y,Y,N,Y,N,N,N
ML_84796101,A,Y,Y,Y,N,Y,N,Y,Y
MNIT2_84365101,C,N,Y,N,N,N,N,N,Y
MNIT_84364001,C,N,Y,N,N,N,N,N,N
MNRF_84472901,C,N,Y,N,N,N,N,N,N
MODERN_84651401,A,N,N,Y,Y,Y,N,Y,Y
MONO_84350501,A,Y,Y,Y,Y,Y,N,Y,Y
MOONG_84269801,A,N,Y,Y,Y,Y,N,N,N
MORE_84384301,A,Y,Y,Y,N,Y,N,Y,Y
MOSHI_84507001,A,Y,Y,Y,Y,Y,N,Y,N
MOSHI_84608301,A,Y,Y,Y,Y,Y,N,Y,N
MOSHI_84942801,A,Y,Y,Y,Y,Y,N,Y,N
MSC_84421101,C,N,N,N,N,N,N,N,N
MST_84116301,A,N,Y,Y,N,N,N,Y,Y
MST_84116701,A,N,Y,Y,N,N,N,Y,Y
MTC_84287601,B,Y,Y,Y,N,N,N,N,N
MTW_84683301,A,Y,Y,Y,N,Y,N,N,N
MUD_84624601,A,N,Y,Y,Y,Y,N,N,N
MVP_84869801,C,N,Y,Y,N,N,N,N,N
M_84379101,A,Y,Y,Y,Y,N,Y,Y,Y
NATION_84850401,A,Y,N,Y,Y,Y,N,N,N
NCAP_84509401,A,Y,Y,Y,N,N,N,Y,Y
NCH_84674501,A,Y,Y,Y,N,Y,N,Y,Y
NCL_84719201,A,N,Y,Y,N,Y,N,N,Y
NC_84498001,A,Y,Y,Y,Y,Y,N,N,Y
NDR_84491801,A,N,Y,Y,Y,Y,N,N,N
NEP_84631801,A,Y,Y,Y,Y,Y,N,Y,Y
NER_84248101,A,Y,Y,Y,N,Y,Y,N,Y
NEWS_84725101,C,N,Y,N,N,N,N,N,N
NEW_84736301,A,Y,N,Y,N,Y,N,Y,N
NEX_84497401,A,Y,Y,Y,N,Y,N,N,Y
NFC_84808501,B,Y,Y,Y,N,N,N,N,N
NFC_84834501,B,Y,Y,Y,N,N,N,N,N
NOBLE_84553801,A,Y,Y,Y,Y,Y,N,Y,Y
NOK_83862701,A,Y,Y,Y,Y,Y,N,Y,Y
NOVA_84721001,A,Y,Y,Y,Y,Y,Y,Y,Y
NPK_84297101,A,Y,Y,Y,Y,Y,N,N,Y
NRF_84729401,A,Y,Y,Y,Y,Y,N,Y,Y
NSL_84590301,A,Y,Y,Y,Y,Y,N,Y,Y
NTSC_84512401,A,Y,Y,Y,Y,Y,N,Y,Y
NTV_84518501,C,N,N,N,N,N,N,N,N
NUSA_84879701,A,Y,Y,Y,Y,Y,N,N,Y
NVD_84674901,A,Y,Y,Y,Y,Y,N,N,Y
NVD_84697601,A,Y,Y,Y,Y,Y,N,N,Y
NV_84641401,A,Y,Y,Y,N,Y,N,Y,Y
NWR_84820701,A,Y,Y,Y,N,Y,N,N,N
OCC_84321401,C,N,Y,Y,N,N,N,N,N
OGC_84770501,A,N,Y,Y,N,Y,Y,N,N
OHTL_84813001,B,N,N,Y,N,Y,N,N,Y
ONEE_84827401,A,Y,Y,Y,N,Y,N,N,Y
ORI_84857801,A,Y,Y,Y,N,Y,N,Y,N
ORN_84120101,A,Y,Y,Y,Y,Y,Y,Y,Y
ORN_84120501,A,Y,Y,Y,Y,Y,Y,Y,Y
ORN_84814701,A,Y,Y,Y,N,Y,N,Y,Y
OR_84431401,A,Y,Y,Y,Y,Y,Y,Y,Y
OSP_84344701,A,Y,Y,Y,Y,N,N,Y,Y
PACO_84300601,A,Y,Y,Y,Y,Y,N,Y,Y
PAF_84706701,A,Y,Y,Y,N,N,N,Y,Y
PB_84495401,C,Y,N,N,N,N,N,N,Y
PCC_84391301,A,Y,Y,Y,N,Y,N,Y,Y
PDJ_84425201,A,Y,Y,Y,N,N,N,N,Y
PEER_84870901,A,Y,Y,Y,Y,Y,N,N,N
PG_84671901,A,Y,Y,N,Y,Y,N,N,N
PHG_84667001,A,Y,Y,Y,Y,Y,N,Y,Y
PHOL_84522701,A,Y,Y,Y,Y,N,N,N,Y
PICO_83626901,A,Y,Y,Y,Y,N,N,Y,Y
PIMO_84268601,C,N,N,N,N,N,N,N,N
PIN_84794101,A,Y,Y,Y,N,Y,N,Y,Y
PJW_84639101,C,N,Y,Y,N,N,N,N,N
PK_84563201,A,Y,Y,Y,N,Y,N,N,N
PLANB_84679101,A,Y,Y,Y,Y,Y,N,Y,N
PLANET_84724501,A,Y,Y,N,Y,Y,N,N,Y
PLAT_84349901,A,N,Y,Y,Y,Y,N,N,Y
PLT_84607501,A,N,Y,Y,N,Y,Y,N,Y
PLUS_84480101,A,Y,Y,Y,Y,Y,N,Y,N
PMTA_84631501,A,Y,Y,Y,N,Y,Y,Y,N
POLY_84308501,A,Y,Y,Y,N,Y,N,Y,Y
POMPUI_84563701,A,Y,Y,Y,Y,Y,N,N,Y
POPF_84636701,A,N,Y,Y,Y,N,N,N,Y
PPM_84588101,C,N,Y,Y,N,N,N,N,N
PPPM_84854301,A,Y,Y,Y,Y,N,Y,N,Y
PQS_84593001,A,Y,Y,Y,Y,N,N,N,Y
PR9_84397101,A,Y,Y,Y,Y,N,N,Y,Y
PRAKIT_84610801,B,N,Y,Y,N,Y,N,N,N
PRAPAT_84566001,A,N,Y,Y,N,Y,N,Y,Y
PREB_84660101,C,N,Y,Y,N,N,N,N,N
PRG_84615701,C,N,Y,Y,N,N,N,N,N
PRIME_84729501,A,Y,Y,Y,Y,Y,N,N,N
PRINC_84449401,A,Y,Y,Y,Y,Y,N,N,N
PRIN_84496601,C,N,N,N,N,N,N,N,N
PRI_84681901,A,Y,Y,Y,N,Y,N,Y,N
PRM_84827101,A,Y,Y,Y,N,Y,N,N,N
PROEN_84439801,A,Y,Y,Y,N,N,N,Y,N
PROSPECT_84761701,A,Y,Y,Y,Y,N,N,N,N
PROUD_84726101,A,N,Y,Y,N,Y,N,N,Y
PRTR_84522601,A,N,Y,Y,Y,Y,N,Y,Y
PSG_84862801,A,Y,Y,Y,Y,Y,N,N,Y
PSH_84537001,A,Y,Y,Y,N,Y,N,N,Y
PSL_84230501,A,Y,Y,Y,Y,Y,N,N,Y
PSP_84592201,A,N,Y,Y,Y,Y,Y,N,N
PSTC_84554801,A,Y,Y,Y,N,N,N,N,Y
PTC_84221701,A,Y,Y,Y,N,Y,Y,Y,Y
PTECH_84292901,A,Y,Y,Y,Y,N,Y,Y,Y
PTG_84691601,A,Y,Y,Y,Y,Y,Y,Y,Y
PTL_84254201,A,Y,Y,Y,N,Y,Y,N,Y
PTTEP_84123501,A,Y,Y,Y,Y,Y,Y,Y,Y
PTTGC_84304901,A,Y,Y,Y,Y,N,Y,N,Y
PTT_84667301,A,Y,Y,Y,Y,Y,Y,Y,Y
Q-CON_84315601,A,Y,Y,N,N,Y,N,N,Y
QH_84278501,A,Y,Y,Y,Y,Y,N,Y,N
QLT_84586501,C,N,Y,Y,N,N,N,N,N
QTC_84407401,A,N,Y,Y,N,N,Y,N,Y
RABBIT_84848701,A,Y,Y,Y,Y,Y,N,Y,Y
RAM_84888601,A,N,Y,Y,N,Y,N,N,Y
RATCH_84642801,A,Y,Y,Y,Y,Y,N,N,Y
RBF_84519701,A,N,Y,Y,Y,Y,N,N,Y
RCL_84468001,B,Y,Y,N,Y,N,N,N,N
READY_84453701,C,N,N,N,N,N,N,N,N
RICHY_84839301,A,N,Y,Y,N,Y,N,Y,N
RJH_84245901,B,N,Y,Y,N,N,N,N,Y
ROCK_84696001,A,N,Y,Y,Y,Y,Y,N,N
ROCTEC_84398301,A,Y,Y,Y,Y,N,N,N,N
ROH_84228001,B,Y,Y,N,Y,N,N,N,N
RPC_84811501,C,N,Y,N,N,N,N,N,N
RPH_84235801,A,Y,Y,Y,Y,N,N,N,Y
RP_84645001,B,N,Y,Y,N,Y,N,N,N
RS_84814901,A,Y,Y,Y,Y,Y,N,Y,N
RT_84703301,A,Y,Y,Y,Y,Y,N,N,N
RWI_84523401,A,Y,Y,Y,Y,Y,N,Y,Y
S11_84445301,C,N,Y,N,N,N,N,N,N
SAAM_84554101,A,Y,Y,Y,N,Y,N,Y,Y
SABUY_84886101,A,Y,Y,Y,Y,N,N,N,Y
SABUY_84960801,A,Y,Y,Y,Y,N,N,N,Y
SAFE_84179801,A,Y,N,Y,Y,Y,N,Y,Y
SAFE_84180301,A,Y,Y,Y,Y,Y,N,Y,Y
SAFE_84801001,A,N,Y,Y,N,Y,N,Y,Y
SAF_84285301,A,Y,Y,Y,N,Y,N,Y,Y
SAK_84446501,A,Y,Y,Y,N,Y,N,Y,Y
SAMART_84413301,A,Y,Y,Y,N,Y,N,N,N
SAMCO_84271101,C,N,Y,N,N,N,N,N,N
SAMTEL_84415501,A,Y,N,Y,N,Y,N,Y,Y
SAM_84638501,B,N,Y,N,N,Y,N,N,Y
SANKO_84656401,B,Y,Y,Y,N,N,N,N,N
SAPPE_84612501,A,Y,Y,Y,Y,Y,N,Y,Y
SAUCE_84601201,A,Y,Y,Y,Y,Y,Y,Y,N
SAV_84333401,A,Y,Y,Y,N,N,N,N,Y
SAWAD_84859301,B,N,Y,Y,N,N,N,N,Y
SAWANG_84415001,C,N,Y,N,N,Y,N,N,N
SA_84471601,A,Y,Y,Y,N,Y,N,Y,Y
SBNEXT_84889101,B,N,Y,Y,N,Y,N,N,N
SCAP_84856801,C,N,Y,Y,N,N,N,N,N
SCB_84059701,A,Y,Y,Y,Y,Y,N,Y,Y
SCB_84860801,A,Y,Y,Y,Y,Y,N,Y,Y
SCCC_84231801,A,Y,Y,Y,Y,N,Y,Y,Y
SCC_84107301,A,Y,Y,Y,Y,Y,Y,Y,Y
SCC_84779101,A,Y,Y,Y,Y,Y,Y,Y,Y
SCGP_84074801,A,Y,Y,Y,Y,Y,Y,Y,Y
SCGP_84263101,A,Y,Y,Y,Y,Y,Y,Y,Y
SCG_84628101,A,Y,Y,Y,Y,Y,Y,Y,Y
SCI_84764301,B,N,Y,Y,N,N,N,N,Y
SCL_84159801,A,Y,Y,Y,N,Y,N,Y,Y
SCL_84160201,A,Y,Y,Y,N,Y,N,Y,Y
SCL_84859001,A,Y,Y,Y,N,Y,N,Y,Y
SCN_84855901,A,Y,Y,Y,Y,N,N,Y,N
SC_84531501,B,N,Y,Y,N,Y,N,N,N
SDC_84379501,C,N,N,Y,N,N,N,N,Y
SE-ED_84705101,C,N,Y,Y,N,N,N,N,N
SEAFCO_84735601,A,Y,Y,Y,N,Y,N,Y,Y
SEAOIL_84713001,A,Y,Y,Y,N,N,N,Y,Y
SECURE_84820301,A,Y,Y,Y,Y,Y,N,Y,Y
SELIC_84812101,A,Y,Y,Y,Y,Y,N,Y,Y
SENA_84853101,A,Y,Y,Y,Y,Y,N,Y,Y
SENX_84546001,A,N,Y,Y,N,Y,N,N,Y
SE_84693601,A,N,Y,Y,N,Y,N,N,Y
SFLEX_84354901,B,N,Y,Y,N,N,N,N,Y
SFT_84485001,A,Y,Y,Y,Y,Y,N,Y,Y
SGC_84453301,A,Y,Y,Y,Y,N,N,N,Y
SGF_84794901,A,Y,Y,Y,N,Y,N,Y,Y
SGP_84279001,A,N,Y,Y,N,N,Y,N,Y
SHANG_84691301,A,N,Y,Y,N,Y,N,Y,Y
SHR_84393001,A,Y,Y,Y,Y,Y,N,Y,Y
SIAM_84879401,A,Y,Y,Y,Y,N,N,N,N
SICT_84494301,A,N,Y,Y,N,N,Y,Y,Y
SIMAT_84768901,B,Y,Y,Y,N,N,N,N,N
SINGER_83628601,A,Y,Y,Y,Y,Y,Y,N,N
SINGER_83895701,A,Y,Y,Y,Y,Y,N,N,N
SINGER_84451201,A,Y,Y,Y,Y,Y,N,N,N
SINGER_84476701,A,Y,Y,Y,Y,Y,N,N,N
SINO_83715001,A,Y,Y,Y,N,Y,N,N,Y
SINO_83715501,A,Y,Y,Y,N,Y,Y,N,Y
SINO_83716801,A,Y,Y,Y,N,Y,Y,N,Y
SINO_84565201,A,Y,Y,Y,N,Y,Y,N,Y
SIRIP_84672601,A,Y,Y,Y,Y,N,N,Y,Y
SIRI_84582001,A,N,Y,Y,Y,Y,N,N,N
SISB_84684401,A,Y,Y,Y,Y,Y,N,Y,Y
SIS_84436201,A,Y,Y,Y,Y,N,N,Y,Y
SITHAI_84329701,A,Y,Y,Y,Y,Y,Y,N,N
SJWD_84728301,A,Y,Y,Y,Y,Y,N,N,Y
SKE_84495501,A,Y,Y,Y,Y,Y,Y,N,Y
SKN_84659501,A,N,Y,Y,Y,Y,Y,N,Y
SKR_84801101,A,Y,Y,Y,Y,Y,N,Y,Y
SKY_84882801,A,Y,Y,Y,Y,Y,N,Y,Y
SLM_84789001,A,Y,Y,Y,Y,Y,N,Y,N
SLP_84507101,A,Y,Y,Y,N,Y,N,N,N
SMART_84489401,A,Y,Y,Y,N,Y,N,Y,N
SMD_84811201,A,Y,Y,Y,Y,Y,N,Y,Y
SMIT_84413401,C,N,Y,N,N,N,N,N,N
SMK_84743001,C,N,Y,N,N,N,N,N,Y
SMPC_84441701,A,Y,Y,N,N,Y,Y,N,Y
SMT_84216001,A,Y,Y,Y,Y,N,N,Y,Y
SNC_84544901,B,Y,Y,Y,N,N,N,N,N
SNNP_84304301,A,Y,Y,Y,N,Y,N,Y,N
SNP_84484601,A,Y,Y,Y,Y,Y,N,Y,Y
SOLAR_84857901,A,Y,Y,Y,N,N,N,Y,Y
SOLAR_84863601,A,Y,Y,Y,N,N,N,Y,Y
SONIC_84570601,B,N,Y,Y,N,N,N,Y,N
SORKON_84298101,A,N,Y,Y,Y,Y,N,N,N
SO_84396201,A,Y,Y,Y,N,Y,N,N,N
SPACK_84760001,C,N,Y,N,N,N,N,N,N
SPA_84506801,A,Y,Y,Y,Y,N,N,N,Y
SPCG_84527401,A,Y,N,Y,Y,Y,N,Y,Y
SPG_84321201,C,N,Y,N,N,N,N,N,N
SPRC_84305801,A,Y,Y,Y,Y,Y,N,N,N
SPRIME_84260901,A,Y,Y,Y,Y,N,N,N,N
SPVI_84286001,A,Y,Y,Y,N,Y,N,Y,Y
SQ_84354601,A,Y,Y,Y,Y,Y,N,Y,N
SRIPANWA_84780901,C,N,Y,Y,N,N,N,N,N
SRS_83937401,C,N,N,N,N,N,N,N,N
SRS_83937601,C,N,N,N,N,N,N,N,N
SRS_84853401,A,Y,Y,Y,N,Y,N,N,Y
SR_84443201,A,Y,Y,Y,N,Y,N,N,Y
SSC_84922501,A,Y,Y,Y,N,Y,N,Y,Y
SSF_84247201,A,Y,Y,N,Y,N,Y,N,Y
SSPF_84422001,C,N,Y,N,N,N,N,N,Y
SSP_84711101,A,Y,Y,Y,N,Y,N,Y,Y
STA_84350601,A,Y,Y,Y,Y,N,Y,Y,Y
STC_84811801,A,Y,Y,Y,N,Y,N,Y,N
STECH_84589001,A,Y,Y,Y,Y,Y,N,N,Y
STGT_84326001,A,Y,Y,Y,Y,N,Y,Y,N
STHAI_84528401,A,N,Y,Y,N,Y,Y,Y,N
STHAI_84532101,A,Y,Y,Y,N,N,Y,N,N
STOWER_84642001,C,Y,N,N,N,N,N,N,N
STPI_84703001,C,N,Y,N,N,N,N,N,Y
STP_84308301,A,Y,Y,Y,Y,N,N,N,Y
SUN_84349601,A,Y,Y,Y,N,Y,Y,N,N
SUPEREIF_84468401,C,N,N,Y,N,N,N,N,Y
SUPER_84873601,A,Y,Y,Y,Y,Y,N,N,Y
SUSCO_84482101,A,Y,Y,Y,N,N,Y,N,N
SUTHA_84582401,A,Y,Y,Y,Y,N,Y,Y,Y
SVI_84690201,C,N,N,Y,N,N,N,N,Y
SVOA_84685601,A,Y,Y,Y,Y,Y,N,N,N
SVR_84357601,A,N,Y,Y,N,Y,N,Y,Y
SVT_84563601,A,Y,Y,Y,Y,Y,N,Y,Y
SWC_84668101,A,Y,Y,Y,N,Y,Y,N,N
SYMC_84530001,A,N,Y,Y,N,Y,N,Y,N
SYNEX_84696401,A,Y,Y,Y,Y,Y,N,N,Y
SYNTEC_84352701,A,Y,Y,Y,Y,N,N,N,Y
S_84539201,A,Y,Y,Y,N,Y,N,N,Y
TACC_84381101,A,Y,Y,Y,Y,Y,N,N,Y
TAE_84261601,A,Y,Y,Y,N,N,Y,Y,N
TAKUNI_84725501,A,Y,Y,Y,Y,Y,N,Y,N
TAPAC_83687901,C,N,Y,N,N,N,N,N,Y
TBN_84629801,A,Y,Y,Y,N,N,N,Y,Y
TCAP_84630501,A,Y,Y,Y,N,Y,N,Y,Y
TCC_84587601,A,N,Y,Y,N,Y,N,N,Y
TCJ_84819301,B,N,Y,Y,N,N,Y,N,N
TCMC_84875301,A,Y,Y,Y,Y,Y,N,Y,Y
TCOAT_84759201,C,N,Y,N,N,N,N,N,N
TEAMG_84328501,B,N,Y,Y,N,Y,N,N,N
TEGH_84488401,A,Y,Y,Y,Y,Y,Y,Y,Y
TEKA_84535201,A,Y,Y,Y,N,N,N,Y,Y
TFG_84690601,A,N,Y,Y,N,N,Y,N,Y
TFI_84649201,A,Y,Y,Y,N,Y,N,N,Y
TFMAMA_84756301,A,Y,Y,Y,N,N,Y,N,Y
TFM_84207801,A,Y,Y,Y,Y,Y,N,Y,N
TGE_84569701,A,Y,Y,Y,N,N,Y,N,N
TGH_84624701,B,N,Y,Y,N,N,N,N,Y
TGPRO_84797401,B,N,Y,N,N,Y,N,N,Y
THAI_84443001,A,Y,Y,Y,Y,Y,N,N,Y
THANA_84477101,A,Y,Y,Y,N,N,N,Y,N
THANI_84360201,A,Y,Y,Y,Y,N,N,N,N
THCOM_84227501,A,Y,Y,Y,N,Y,N,Y,Y
THE_84777601,A,Y,Y,Y,N,Y,Y,N,N
THG_84522801,A,Y,Y,Y,N,Y,N,Y,Y
THREL_84255001,B,Y,Y,Y,N,N,N,N,N
THRE_84706301,A,Y,Y,Y,Y,N,N,Y,N
TH_84861801,C,N,Y,N,N,Y,N,N,N
TIDLOR_84249101,A,Y,Y,Y,Y,N,N,Y,Y
TIGER_84644001,A,Y,Y,Y,Y,Y,N,N,Y
TIPCO_84836901,A,Y,Y,Y,Y,N,N,Y,Y
TISCO_83976301,A,Y,Y,Y,Y,Y,N,Y,Y
TISCO_84641501,A,Y,Y,Y,Y,Y,N,N,N
TITLE_84289101,A,N,Y,Y,Y,Y,N,N,N
TKC_84565101,A,Y,Y,Y,N,Y,N,N,N
TKN_84458601,A,Y,Y,Y,Y,Y,N,Y,N
TKS_84670401,A,Y,Y,Y,Y,Y,N,N,Y
TK_84349401,C,N,Y,N,N,Y,N,N,N
TK_84373101,C,N,Y,N,N,Y,N,N,N
TLHPF_84331601,A,Y,Y,Y,Y,N,N,N,N
TLI_84817601,A,Y,Y,Y,Y,Y,N,Y,Y
TMC_84449101,B,N,Y,Y,N,Y,N,N,N
TMD_84598101,A,Y,Y,Y,N,N,N,Y,N
TMILL_84904701,A,Y,Y,Y,Y,Y,N,N,Y
TMI_84623001,C,N,Y,N,N,N,N,N,Y
TMT_84520301,A,N,Y,Y,Y,Y,Y,N,Y
TMW_84606601,B,N,Y,Y,N,Y,N,N,N
TNITY_84833801,A,Y,Y,Y,Y,N,N,Y,N
TNITY_84887701,A,Y,Y,Y,Y,N,N,Y,N
TNL_84563101,A,Y,Y,Y,Y,Y,N,Y,Y
TNPC_84772501,C,N,N,N,N,N,N,N,N
TNPF_84775701,B,N,Y,Y,Y,N,N,N,N
TNP_84299801,A,Y,Y,Y,Y,Y,N,Y,N
TNR_84547901,A,Y,Y,Y,N,N,N,Y,N
TOA_84802801,A,Y,Y,Y,N,Y,Y,Y,Y
TOG_84342001,A,Y,Y,Y,Y,N,N,N,Y
TOPP_84636201,C,N,Y,N,N,N,N,N,Y
TOP_84305301,A,Y,Y,Y,Y,N,Y,Y,Y
TOP_84506901,A,Y,Y,Y,Y,N,Y,Y,Y
TPAC_84576101,A,Y,Y,Y,Y,Y,N,Y,Y
TPA_84440201,B,N,Y,Y,Y,N,N,N,N
TPBI_84236201,B,N,Y,Y,N,N,N,N,Y
TPCH_84361601,A,Y,Y,Y,Y,Y,N,N,Y
TPCS_84591901,A,Y,Y,Y,N,N,N,Y,N
TPLAS_84289601,A,Y,Y,Y,N,N,Y,Y,Y
TPL_84708301,A,Y,Y,Y,Y,Y,N,Y,Y
TPOLY_84585501,A,Y,Y,Y,N,Y,N,N,Y
TPP_84808001,C,N,Y,Y,N,N,N,N,N
TPS_84443101,A,Y,Y,Y,N,Y,N,Y,Y
TQM_84715801,A,Y,Y,Y,N,N,N,Y,Y
TQR_84410301,A,N,Y,Y,N,Y,N,N,Y
TRC_84553001,A,Y,Y,Y,Y,Y,N,N,N
TRITN_84887001,A,Y,Y,Y,N,N,N,N,Y
TRP_84455801,A,Y,Y,Y,Y,Y,N,Y,Y
TRT_84650601,C,N,Y,N,N,N,N,N,N
TRUE_84435401,B,N,Y,Y,Y,N,N,N,N
TRV_84681001,A,N,Y,Y,N,Y,N,Y,Y
TSC_84994801,C,Y,N,N,Y,N,N,N,N
TSI_84727501,A,Y,Y,Y,Y,N,N,N,N
TSTE_84771501,C,N,N,N,N,N,N,N,N
TSTH_84007801,A,Y,Y,Y,N,N,Y,N,N
TTA_84825501,A,Y,Y,Y,N,Y,Y,Y,Y
TTCL_84866901,A,Y,Y,Y,Y,Y,N,Y,Y
TTI_84787501,C,N,Y,Y,N,N,N,N,N
TTLPF_84952301,C,Y,N,Y,N,N,N,N,N
TTW_84405001,B,N,Y,Y,Y,N,N,N,N
TURTLE_84315501,A,Y,Y,Y,N,Y,N,N,Y
TU_84242301,A,Y,Y,Y,Y,Y,Y,Y,Y
TVDH_84589101,C,N,Y,N,N,Y,N,N,N
TVH_84573901,A,Y,Y,Y,Y,Y,N,N,Y
TVO_84539101,A,Y,Y,Y,Y,Y,Y,Y,Y
TVT_84851501,C,Y,N,N,N,N,N,N,Y
TWPC_84755101,A,Y,Y,Y,Y,Y,Y,Y,Y
TWP_84640801,A,Y,Y,N,N,N,Y,N,Y
TWZ_84721801,A,Y,Y,Y,N,Y,N,Y,N
TYCN_84427101,A,Y,Y,Y,Y,N,N,Y,Y
UAC_84460701,A,Y,Y,Y,Y,N,N,N,Y
UBE_84842301,A,N,Y,Y,N,Y,Y,Y,N
UBIS_84874801,A,Y,Y,Y,Y,Y,N,Y,Y
UEC_84332101,A,Y,Y,Y,N,N,N,Y,Y
UKEM_84441801,A,Y,Y,Y,Y,N,Y,N,Y
UMI_84266001,C,N,Y,N,N,Y,N,N,N
UMS_84360001,B,N,Y,Y,N,Y,N,N,N
UOBKH_84791501,A,Y,Y,Y,N,N,N,N,Y
UREKA_84575601,A,Y,Y,Y,N,Y,N,Y,Y
UTP_84393701,A,N,Y,Y,N,N,Y,Y,N
UVAN_84476101,A,N,Y,Y,N,N,N,Y,Y
UV_85097401,A,Y,Y,Y,Y,Y,N,Y,Y
VARO_84544601,A,Y,Y,Y,N,N,N,N,Y
VCOM_84668601,A,N,Y,Y,N,Y,N,N,Y
VGI_84552401,A,Y,Y,Y,Y,Y,N,Y,Y
VIBHA_84797301,A,Y,Y,Y,N,Y,N,Y,Y
VNG_84282201,A,Y,Y,Y,Y,N,Y,N,N
VPO_84415401,A,Y,Y,Y,Y,Y,N,N,N
VRANDA_83618701,A,N,Y,Y,N,Y,Y,N,Y
VRANDA_84675201,A,N,N,Y,Y,Y,N,N,Y
WACOAL_84549601,A,Y,Y,Y,N,N,N,Y,N
WARRIX_84853001,A,Y,Y,Y,N,Y,N,Y,Y
WAVE_84506201,A,Y,Y,Y,N,Y,N,Y,N
WELL_84867301,A,Y,Y,Y,Y,N,N,N,N
WGE_84462101,A,N,Y,Y,Y,N,N,Y,Y
WHAUP_84418801,A,Y,Y,Y,Y,Y,N,Y,Y
WHA_84405301,A,Y,Y,Y,N,Y,Y,Y,Y
WICE_84572201,A,Y,Y,Y,Y,Y,N,Y,N
WIIK_84813801,A,Y,Y,Y,Y,Y,N,N,Y
WINDOW_84717301,A,Y,Y,Y,Y,Y,N,N,Y
WINDOW_84730001,A,Y,Y,Y,Y,Y,N,N,Y
WINNER_84518701,A,Y,Y,Y,N,Y,N,Y,Y
WIN_84842801,A,Y,Y,Y,N,N,N,Y,N
WORLD_84567401,A,Y,Y,Y,N,N,N,Y,Y
WORLD_84890801,A,Y,Y,Y,N,N,N,Y,Y
WORLD_84961101,A,Y,Y,Y,N,N,N,Y,Y
WPH_84838001,A,Y,Y,Y,N,Y,N,Y,Y
WP_84377401,B,N,Y,Y,N,Y,N,N,N
W_84635101,A,Y,Y,Y,Y,N,N,N,Y
XPG_84486201,A,N,Y,Y,N,N,N,Y,Y
YGG_84461301,A,Y,Y,Y,N,Y,N,N,Y
YONG_84301201,C,Y,N,N,N,N,N,N,N
ZAA_84709301,A,Y,Y,Y,N,N,N,Y,Y
ZEN_84770601,A,Y,Y,Y,Y,Y,N,Y,Y
ZIGA_84393101,C,Y,Y,N,N,N,N,N,N
